,LIMIT_BAL,SEX,EDUCATION,MARRIAGE,AGE,PAY_0,PAY_2,PAY_3,PAY_4,PAY_5,PAY_6,BILL_AMT1,BILL_AMT2,BILL_AMT3,BILL_AMT4,BILL_AMT5,BILL_AMT6,PAY_AMT1,PAY_AMT2,PAY_AMT3,PAY_AMT4,PAY_AMT5,PAY_AMT6,default payment next month
702,50000,1,2,1,38,1,2,0,0,0,0,58102,59011,56272,53663,51507,50616,2500,2500,2000,2000,3200,2000,0
341,160000,2,1,2,29,-1,-1,-2,-1,0,0,3097,-707,-2697,2303,6182,1654,0,0,5000,5000,1500,13000,0
640,30000,2,2,1,31,0,0,2,0,0,0,29493,19433,18782,19006,19637,21251,3200,0,742,1000,2000,0,0
137,180000,1,2,2,28,-1,-1,-1,-1,-1,-1,1832,0,832,332,416,416,0,416,332,500,3500,832,0
409,230000,2,2,2,27,1,2,0,0,0,0,13668,12647,13135,10596,9218,5068,0,1064,423,313,1000,4641,1
578,160000,1,1,2,26,-1,-1,-1,-1,-1,-1,1433,3746,30258,1036,21572,9528,3757,30348,1044,21636,9556,6066,0
307,180000,2,2,1,34,0,0,0,0,0,0,143301,146333,147042,127814,130331,132845,7000,5000,5000,4900,5000,5100,0
806,120000,2,1,3,44,0,0,2,0,0,0,70096,76446,73732,12329,12329,0,8100,0,247,0,0,0,0
454,230000,2,2,1,41,-1,-1,-1,-1,-1,-1,819,18163,5473,8162,6985,9130,18163,5654,12887,6985,9130,6554,0
96,140000,1,1,2,32,-2,-2,-2,-2,-2,-2,672,10212,850,415,100,1430,10212,850,415,100,1430,0,0
340,180000,2,1,2,26,0,0,0,0,0,0,145403,138232,130553,105894,108248,106517,5440,5051,3835,4106,4250,4028,0
939,80000,2,2,2,24,2,2,5,5,4,3,1200,1200,1200,1200,600,300,0,0,0,0,0,0,1
102,80000,2,2,1,36,-1,-1,-1,-1,-1,-1,6108,2861,3277,3319,1150,1150,2861,3279,3319,1150,1150,1035,0
85,20000,1,3,2,44,2,2,0,0,0,2,8583,8303,9651,10488,12314,11970,0,1651,1000,2000,0,1500,0
692,50000,2,1,1,34,0,0,0,-1,0,0,27966,28539,11597,6611,7349,7570,1267,1553,7511,1000,343,1000,0
215,310000,2,1,2,38,-1,-1,-1,-1,-2,-2,1424,4542,126,0,0,0,4542,126,0,0,0,0,0
544,230000,2,1,2,28,-1,-1,0,0,0,0,2403,7357,9752,12608,10797,20539,7357,2566,3000,1000,10000,2000,0
67,320000,1,2,2,29,2,2,2,2,2,2,58267,59246,60184,58622,62307,63526,2500,2500,0,4800,2400,1600,1
285,240000,2,2,1,46,0,0,0,0,0,0,8751,9900,10605,10765,11765,4311,1295,1000,1000,1000,1000,1000,0
121,20000,1,2,2,23,1,-2,-2,-2,-2,-2,0,0,0,0,0,0,0,0,0,0,0,0,0
971,50000,2,2,2,22,0,0,0,0,0,0,49609,61162,31485,15281,18031,18233,2100,2000,4000,3000,1500,1000,0
178,500000,2,1,1,47,0,0,0,0,0,0,56422,110616,110340,122967,108834,70064,70010,30357,30000,20000,52183,20000,0
883,180000,2,2,1,30,-1,-1,-1,-1,-1,-1,2488,13476,3173,13202,6594,2549,13476,3173,13212,6594,2549,1000,0
98,480000,1,1,1,63,0,0,0,2,2,0,422069,431342,479432,487066,471145,469961,16078,55693,17000,0,18000,24200,0
138,50000,1,2,2,23,1,2,2,2,0,0,10131,10833,20583,19996,19879,18065,1000,10000,400,700,800,600,0
853,100000,2,3,1,43,2,2,2,2,2,2,50485,51582,52141,52691,54199,53176,2200,2000,2000,2500,0,4500,1
118,110000,2,1,1,48,1,-2,-2,-2,-2,-2,0,0,0,0,0,0,0,0,0,0,0,0,0
663,30000,2,2,1,35,0,0,0,0,0,0,25078,25538,25880,25873,26157,26918,1500,1387,893,1000,1501,2000,0
27,50000,1,2,2,33,2,0,0,0,0,0,30518,29618,22102,22734,23217,23680,1718,1500,1000,1000,1000,716,1
150,30000,2,3,2,26,0,0,0,0,0,0,9014,10406,11427,11935,13084,14206,1700,1500,1000,1500,1500,1500,0
413,50000,2,1,2,30,0,0,0,0,0,2,14811,16262,17286,17895,19450,18990,2000,1600,1200,2000,0,1000,0
463,230000,1,2,2,32,0,0,0,0,0,0,28114,28006,25000,22046,19860,19831,1610,1224,655,627,620,500,0
925,200000,1,1,1,34,-2,-2,-2,-2,-2,-2,1242,4006,941,2357,2945,1143,4034,945,2366,2947,1143,744,0
17,120000,2,2,1,39,-1,-1,-1,-1,-1,-1,316,316,316,0,632,316,316,316,0,632,316,0,1
585,260000,2,2,1,31,-1,-1,0,0,-1,-1,5841,23194,62361,67057,17024,18659,23194,50000,11500,17024,18659,38923,0
966,300000,1,1,1,42,-1,0,0,-1,0,0,11973,61834,25145,37666,19453,10492,20979,5000,37676,8808,2000,2709,1
624,30000,1,3,1,48,0,0,0,0,0,0,29434,28960,29022,29201,29553,29693,1465,2000,1033,1200,1055,530,0
793,50000,2,1,2,22,0,0,0,-1,-1,-2,13801,9549,5385,7781,0,0,1372,1275,7900,0,0,0,0
850,50000,2,3,2,49,0,0,0,0,0,0,4987,6741,9366,8566,10066,0,2000,3000,1500,1500,0,0,0
234,240000,2,3,1,50,0,0,0,0,0,0,234205,231669,214642,207642,210375,214694,10116,9150,8008,8000,8009,7714,1
901,30000,2,2,2,27,-1,-1,2,0,-1,2,27772,30461,29325,21449,29709,29086,3136,0,0,29709,0,1576,0
442,160000,2,1,2,28,0,0,0,0,0,0,146433,107604,89902,90983,82255,83988,4500,4400,3000,2400,2500,2500,0
671,90000,1,3,2,42,2,2,2,2,2,2,64762,63164,32789,31641,29240,28306,0,2900,0,2500,0,1300,1
471,60000,2,2,2,29,0,0,0,0,0,0,27199,28358,28937,29614,30391,23159,1900,1400,1000,1100,1000,420,0
106,330000,2,1,1,31,0,0,2,0,0,0,105879,108431,105594,105896,106491,107289,9260,0,3593,4100,15794,0,0
732,150000,2,3,2,28,0,0,0,0,0,0,101593,101886,101441,100829,101913,96704,4000,4032,3410,4000,3665,3050,0
129,330000,1,3,1,46,0,0,0,0,0,0,227389,228719,229644,227587,227775,228203,8210,8095,8025,8175,8391,8200,0
588,50000,1,1,1,35,0,0,0,0,0,0,34976,6018,13930,7106,6020,9011,1127,1074,215,249,4383,172,0
917,50000,2,1,2,24,0,0,0,2,0,0,27245,28300,31900,31090,31837,32555,1800,4400,0,1400,1400,1400,0
947,80000,2,2,1,32,0,0,0,0,0,0,81074,78262,76163,76813,77511,79069,3700,3400,2900,2900,2841,3100,0
935,200000,2,2,1,32,-1,-1,-1,-1,-1,-1,5150,10190,10190,10190,10594,11193,10190,10190,10190,10594,11193,10190,0
495,20000,1,1,1,38,0,0,0,2,2,0,15912,17272,20565,20705,20255,19933,1623,3916,750,0,800,850,0
902,50000,1,1,2,30,2,2,2,-1,2,2,4187,5152,3679,596,446,2699,2300,0,700,0,2300,0,1
249,160000,2,1,2,28,0,0,0,0,-1,0,70243,47779,28052,7222,99669,84426,7042,2000,1000,99669,12600,10000,0
109,100000,2,1,2,24,0,0,0,0,0,0,52128,52692,54477,56076,60100,59713,2000,2677,3076,5080,3000,2033,0
670,320000,2,1,1,41,0,0,0,0,0,0,97797,99672,101953,102284,104090,105859,4520,5050,3590,3700,3750,3510,0
396,240000,1,1,2,29,0,0,0,0,0,-1,156362,132280,99174,65372,28797,184922,5233,3289,2072,3018,184922,6100,0
154,210000,1,3,1,45,2,3,4,4,5,6,115785,122904,129847,137277,145533,154105,10478,10478,11078,11078,11678,10478,1
978,500000,1,1,2,36,-2,-2,-2,-2,-2,-2,45106,81264,18122,27229,21462,27911,81690,18225,27365,21570,28050,17397,1
166,270000,1,2,2,37,0,0,0,0,0,0,37695,33397,30534,27598,26344,24641,5000,2000,3000,4000,3000,2000,0
643,80000,2,2,2,24,0,0,0,0,0,0,77615,77303,66396,55639,56873,58390,3100,2586,2000,2500,3000,2500,0
246,50000,2,2,2,26,1,2,2,0,0,0,50867,51486,48869,30115,29527,29998,1710,136,1206,2002,2005,3003,0
865,290000,2,2,2,34,0,0,0,0,0,0,310403,315048,314085,317631,315820,305498,12012,12012,11016,11088,12031,12031,0
753,230000,2,2,1,30,2,0,-1,-1,-1,-1,9636,10152,1817,-828,6153,12663,1222,1837,0,7863,12675,2959,1
462,220000,1,1,2,38,0,0,0,0,0,0,212795,211043,212759,218541,167743,165300,8909,7500,9000,6729,6000,7009,1
755,30000,2,2,2,24,0,0,0,0,0,0,31319,31181,31540,31016,30531,30528,1564,1800,1100,1500,1500,3000,0
855,20000,2,2,2,27,0,0,0,0,0,0,20218,19194,20112,19712,19712,6321,1482,1400,0,0,0,0,0
434,50000,2,1,1,25,0,0,0,0,0,0,51044,50231,46677,44982,21399,20859,2500,3008,1000,761,800,704,0
322,220000,2,2,1,41,-1,2,2,-1,2,-1,650,650,325,950,475,325,325,0,950,0,325,325,1
195,30000,2,3,2,22,1,2,2,0,0,0,29010,29256,28122,29836,1630,0,1000,85,1714,104,0,0,1
417,440000,2,1,2,29,0,0,0,0,0,0,169661,167199,158520,156977,157963,151936,8071,9021,7013,6013,6028,6010,0
534,50000,2,1,2,52,0,0,0,-2,-1,-1,3257,4166,0,0,318,0,1000,0,0,318,0,0,0
748,50000,1,2,2,26,0,0,0,0,0,0,48036,46787,42011,19147,2845,20041,2100,1227,383,2000,20000,649,1
617,180000,2,2,2,28,-1,-1,-1,-1,-1,-1,340,-120,420,460,460,610,0,1000,500,460,610,460,0
851,30000,2,2,2,25,-2,-2,-2,-2,-2,-2,26957,26269,17036,27497,16098,7300,1333,2256,27497,787,200,0,0
205,330000,2,1,1,50,-1,-1,-1,-1,-2,-2,8872,4337,2854,1690,0,1709,4345,2854,1702,0,1709,258,0
239,180000,2,1,2,32,-1,-1,2,2,-1,-1,3139,5853,2821,0,2821,0,2821,0,0,2821,0,176,0
188,180000,2,1,2,29,-1,-1,-1,-2,-1,0,11386,199,0,0,17227,17042,199,0,0,17227,341,5114,0
259,230000,2,1,2,37,-2,-2,-2,-2,-2,-2,2283,50815,0,0,299,338,51315,0,0,299,338,0,0
24,50000,2,3,1,47,-1,-1,-1,-1,-1,-1,650,3415,3416,2040,30430,257,3415,3421,2044,30430,257,0,0
443,180000,2,1,1,53,-1,-1,-1,0,0,-1,46122,1260,29366,5400,0,1599,1260,29366,54,0,1599,0,0
34,50000,1,1,2,25,1,-1,-1,-2,-2,-2,0,780,0,0,0,0,780,0,0,0,0,0,1
216,360000,2,1,1,40,2,2,2,0,0,0,105167,115468,112157,114690,117845,120238,12000,0,5900,5000,4500,4700,1
44,380000,1,2,2,32,-1,-1,-1,-1,-1,-1,22401,21540,15134,32018,11849,11873,21540,15138,24677,11851,11875,8251,0
77,360000,2,1,2,26,0,0,0,0,0,-1,23411,27796,30400,33100,180000,196,4796,3400,3100,146900,196,2963,0
573,80000,1,1,2,31,-1,-1,-1,-1,2,-1,5994,32223,8308,4082,538,4085,13647,8314,4082,0,4085,0,0
550,40000,2,2,2,24,-2,-2,-2,-2,-2,-2,35285,36714,37356,38184,38724,37255,2000,1600,1401,1607,1800,1751,0
346,90000,1,1,2,26,0,0,-1,0,0,-1,39128,20473,1940,1940,0,23101,1541,4200,0,0,23101,3000,0
769,120000,2,2,1,32,0,0,0,0,0,0,113869,116110,111978,112822,114969,117949,5498,5500,4000,4300,5012,4003,0
306,400000,2,2,1,38,-1,0,-1,-1,0,-1,3697,3600,1354,5322,5103,2077,1000,1354,5322,6,2386,9085,0
177,80000,2,3,2,35,0,-1,0,0,0,0,49608,12412,14873,17364,17770,17460,12500,6500,3000,2000,3000,2000,0
135,50000,1,1,2,24,0,0,0,0,0,0,50801,50143,49586,19430,19375,18995,2360,1700,1000,900,870,2130,0
386,350000,1,1,1,38,1,-2,-2,-2,-2,-2,0,0,0,0,0,0,0,0,0,0,0,0,0
256,510000,2,1,2,29,0,0,0,0,0,0,78331,99414,107686,103776,87265,36739,40010,20094,5000,5001,25365,65000,0
543,160000,2,2,2,25,-2,-2,-2,-2,-2,-2,0,0,0,0,0,0,0,0,0,0,0,0,0
176,240000,1,1,2,37,-1,-1,2,0,0,-1,12212,26578,25331,26605,26279,1256,15000,0,2000,0,1256,65935,0
501,160000,1,1,2,35,-1,-1,-1,-1,-1,-1,396,396,396,0,792,1220,396,396,0,793,1220,0,0
936,50000,2,1,2,25,0,0,0,0,0,2,42543,34629,27095,18538,20100,19630,1900,1428,600,3000,0,1000,0
810,120000,1,3,1,33,1,2,2,2,2,2,66055,67405,68405,69387,70727,72215,3000,2700,2700,2600,2800,0,1
22,60000,1,1,2,27,1,-2,-1,-1,-1,-1,-109,-425,259,-57,127,-189,0,1000,0,500,0,1000,1
916,260000,2,1,2,33,1,-2,-2,-2,-1,-1,0,0,0,0,1980,2500,0,0,0,1980,2500,0,0
313,260000,2,3,1,53,1,-1,-1,-2,-2,-1,0,165,526,452,397,485,165,526,452,397,485,459,0
584,130000,2,2,2,29,0,0,0,0,0,0,131575,130931,132969,45584,46516,47455,6700,6000,1291,1319,1336,1365,0
510,20000,2,2,2,23,0,0,2,0,0,0,18355,20259,19534,16467,15746,13246,2900,10,577,430,1017,4,0
481,190000,1,2,1,31,0,0,0,0,0,0,177554,180633,172914,130139,115494,117465,7600,6303,4137,3502,4027,3517,0
713,70000,2,2,1,33,0,0,0,0,0,0,69418,68943,38783,3758,1261,0,2382,2025,1000,25,0,1651,1
815,60000,1,1,2,30,0,-1,0,0,0,0,15380,4116,19453,17912,18480,18848,4147,19435,1000,1000,1000,1000,0
695,300000,2,1,2,31,0,0,0,0,2,-1,43610,43280,36156,30305,30155,561,1655,1797,750,0,561,500,0
407,200000,2,1,1,38,-1,-1,-2,-1,-1,-2,190,0,0,367,-150,-150,0,0,367,150,0,0,0
398,150000,1,1,2,41,-1,-1,-1,-1,-1,2,1464,2084,384,0,2344,822,2091,384,0,2344,0,472,1
108,280000,1,2,1,41,2,2,2,2,2,3,135673,138532,134813,144401,152174,149415,6500,0,14254,14850,0,5000,0
509,50000,1,2,2,23,2,2,2,2,2,2,29509,30741,31438,31924,32566,33081,2000,1500,1300,1300,1200,1500,1
334,50000,2,2,1,31,0,0,0,0,0,0,46512,47716,49675,30929,30078,29170,1974,4406,1061,1073,1046,1047,1
934,180000,2,2,1,32,1,2,2,2,0,0,15548,15009,17752,17172,18732,23389,0,3000,0,2000,5000,2000,1
453,50000,1,1,2,32,-1,0,0,0,0,-2,23974,24131,25326,25775,0,0,1800,1900,1300,0,0,0,0
508,360000,1,1,2,28,-1,-1,-1,-1,-1,-1,20223,52962,3978,1743,2828,50537,53228,3997,1750,2853,51041,3219,0
761,510000,2,1,2,35,-1,0,0,0,0,-1,2115,2116,5560,4535,3488,1116,1117,4560,91,69,1116,2115,0
630,110000,1,3,1,56,0,0,0,0,0,0,46486,35758,34323,30452,22628,23468,4086,1428,1318,2171,3198,4976,0
159,250000,2,1,1,34,0,0,2,0,0,0,141223,156858,151841,152803,155997,160220,17994,0,5469,5656,6811,3920,0
448,260000,1,2,2,37,0,0,0,-1,0,0,255691,262736,36638,122388,127402,131074,14000,5022,130000,7000,6000,6000,0
181,100000,2,2,1,38,1,2,0,0,2,0,14483,13961,15323,16268,15868,16448,0,1600,1500,0,1000,1500,1
185,20000,2,2,2,31,1,5,4,4,3,2,21703,21087,21461,20835,20219,20487,0,1000,0,0,760,0,0
382,80000,2,1,2,29,1,-1,-1,-2,-2,-2,0,80000,0,0,0,0,80000,0,0,0,0,0,0
235,140000,2,2,3,41,0,0,0,0,0,0,19346,21708,22940,19068,16409,16383,3000,2000,2198,1000,3000,2399,1
629,210000,2,2,1,47,-2,-2,-2,-2,-2,-2,0,0,0,0,0,0,0,0,0,0,0,0,0
906,90000,2,1,2,25,2,2,2,2,0,0,86014,92898,92860,88533,90942,88813,8300,2400,1000,4000,3600,4000,0
447,600000,1,1,1,53,2,2,0,0,0,0,467150,458862,469703,447130,440982,434715,0,18000,16000,16000,21000,20000,1
610,190000,2,2,1,37,1,2,2,2,2,2,115049,117856,119570,116284,123528,125478,6000,5000,0,9000,4000,5000,0
293,210000,2,2,1,36,0,0,0,0,0,0,143225,142996,144415,148190,147993,131629,6483,5082,6000,5900,4544,4700,0
486,90000,2,2,2,32,-2,-2,-2,-2,-2,-2,573,0,0,0,0,0,157,0,0,0,0,0,0
552,160000,2,1,1,33,-2,-2,-2,-2,-2,-2,5233,5393,1824,350,150,199,5401,1829,350,150,199,1145,0
147,80000,1,1,2,25,0,0,0,0,0,0,42444,55744,43476,41087,41951,31826,30000,3000,6000,8000,2000,14000,0
538,30000,2,2,1,36,2,3,2,2,0,0,28778,28039,28286,27533,28189,28805,0,1000,0,1100,1100,1500,1
269,200000,2,2,2,33,0,0,0,0,0,0,11253,12852,14024,14512,16325,11905,2000,1322,2000,2000,1200,3000,0
687,170000,1,2,2,27,-1,2,2,-2,-2,-2,1170,780,0,0,0,0,0,0,0,0,0,0,0
457,80000,2,2,1,36,-1,-1,-1,-1,-1,-1,1689,8638,5702,2980,1260,7868,8638,5723,2980,1260,7868,2198,0
503,180000,2,2,2,28,0,0,0,0,0,2,42238,38741,36696,35813,37893,34661,2500,2000,1128,2500,0,2000,0
343,50000,2,2,2,29,0,0,0,0,0,0,47081,49316,50409,45545,39963,41145,3000,2000,2000,2000,2000,2000,1
558,60000,2,2,1,42,-1,-1,-1,-1,-1,-1,631,2790,1758,416,416,3640,2790,1758,416,416,3640,730,0
733,610000,2,1,2,31,0,0,0,0,0,0,142764,126606,67887,58397,105301,105965,6540,2100,2150,50000,4700,2000,0
291,200000,1,1,2,31,0,0,0,0,0,0,194353,197344,186292,133345,133634,133990,9000,7465,4715,4804,5141,5300,0
384,150000,1,2,1,43,0,0,0,0,0,0,153249,154049,156523,159653,162866,157759,7900,6500,5700,5700,5700,5334,0
225,20000,2,3,2,24,1,2,0,0,0,0,19154,18165,17233,7630,1730,0,0,1333,500,100,0,3200,0
766,360000,2,2,2,53,-1,-1,-1,-1,-1,-1,10733,15206,15000,9744,11114,8123,15206,15032,9769,11114,8123,8736,0
483,320000,1,2,1,39,0,0,0,0,0,0,93768,91523,91579,91193,92837,95323,3317,3506,4218,5000,6080,938,0
451,40000,1,2,2,39,0,0,0,0,0,-1,40034,36549,17431,15031,10600,5315,2027,1207,301,212,5315,4987,0
598,170000,1,1,1,53,0,0,0,0,0,0,17862,17927,18800,17647,18015,12930,1323,1196,544,563,629,361,0
43,150000,2,5,2,46,0,0,-1,0,0,-2,4463,3034,1170,1170,0,0,1013,1170,0,0,0,0,1
317,340000,2,1,2,27,0,0,0,0,0,0,172180,180140,166281,155628,145645,103263,21105,5461,5000,5849,2732,50000,0
849,140000,2,2,2,23,0,0,0,0,0,0,44733,44144,44739,43455,43980,44614,2100,2027,1800,1600,1750,1700,0
830,20000,2,1,2,23,0,0,0,0,0,-2,17246,16988,15973,18773,0,0,2000,2000,3000,0,0,0,0
211,30000,1,3,1,42,-1,-1,-1,-1,-1,2,390,390,390,240,1320,780,390,390,240,1470,0,0,0
356,500000,2,2,2,23,4,3,2,0,0,0,507726,509229,499936,505507,484612,419643,10000,0,14000,16500,16000,19000,1
590,110000,1,3,2,46,0,0,0,0,0,0,56700,57875,59044,59756,61004,62213,2681,2724,2287,2362,2374,2454,0
155,50000,1,3,1,57,3,2,0,0,0,0,12854,12362,13447,13427,13711,14083,0,1600,500,500,600,600,0
996,100000,1,2,1,29,0,0,0,0,-1,-1,94453,95860,67782,-2618,95748,101299,3320,5000,0,100000,7186,0,0
694,280000,1,1,1,41,-2,-2,-2,-2,-1,0,28026,41302,51500,35752,3955,13969,41346,52110,35752,3955,13939,4437,0
90,60000,2,2,2,23,0,0,0,0,0,0,45648,46850,47214,19595,19209,19323,1937,1301,682,690,816,835,0
318,50000,1,2,2,24,-1,0,0,0,0,0,1399,2441,3865,7476,8384,8085,1070,1500,3666,2477,1306,1000,0
634,400000,2,1,2,40,-1,-1,-1,-1,-1,0,60125,1981,4521,20472,76933,173599,1981,4521,20500,77000,100000,7700,0
304,30000,1,3,1,55,2,2,2,3,3,4,9720,10613,11339,12841,13836,14514,1200,1200,2000,1500,1500,1500,1
193,20000,2,1,2,22,0,0,0,0,-1,0,18553,19446,19065,8332,18868,19247,1500,1032,541,20000,693,1000,0
914,240000,1,1,2,46,0,0,0,0,0,0,471814,478380,395612,386295,356206,352257,16044,15087,12000,15000,12000,12000,0
251,50000,1,2,1,25,0,0,0,0,0,0,27699,28513,29341,29928,29533,28538,1565,1393,980,994,1024,886,0
712,160000,2,2,2,27,0,0,0,0,0,0,80964,80337,82182,82586,85145,87049,4000,4000,3500,4000,4000,2500,0
613,270000,2,2,1,56,0,0,0,0,0,0,137807,123769,104377,106651,109294,101151,5000,5000,3953,4500,4000,3900,0
499,130000,2,1,1,33,0,0,0,0,0,0,19161,20544,22704,22304,22304,0,2000,3000,0,0,0,0,1
329,400000,2,2,1,43,1,-2,-2,-2,-1,-1,0,0,0,0,1600,78388,0,0,0,1600,78388,0,0
325,150000,1,1,1,40,2,2,2,2,2,2,99855,102586,100064,104975,107147,109428,5200,0,8100,4000,4200,4200,0
547,190000,2,1,2,41,-1,-1,-1,-1,-1,-1,28204,0,16500,0,26854,554,0,16500,0,26854,500,0,1
164,90000,2,2,1,35,0,0,0,0,0,2,72112,73854,75526,77317,85852,88290,3500,3500,3652,10000,4000,0,0
803,20000,2,3,2,36,0,0,2,2,2,2,16754,18873,19862,19245,20532,19953,2400,1600,0,1600,209,0,1
711,50000,2,2,1,49,0,0,0,0,0,0,34962,32275,31253,32014,33573,29645,1613,2000,1500,2000,1645,1064,0
682,20000,2,3,1,41,-1,-1,-1,0,0,0,780,0,732,642,1252,643,0,732,300,1000,500,1000,1
295,300000,1,1,2,34,1,-2,-1,0,-1,-1,0,0,13001,12601,19595,203,0,13001,0,19595,203,0,1
832,80000,2,2,2,23,2,2,2,2,2,2,22895,23837,24253,24562,25126,25476,1600,1100,1000,1100,906,0,0
342,100000,2,2,2,26,-1,-1,-1,0,0,0,1370,4192,4159,3542,1980,3980,4210,4159,1000,1080,2000,1525,0
405,280000,1,1,2,31,0,0,0,0,0,0,168382,175646,180650,182672,168399,167983,10000,8000,6371,6217,5947,6288,0
33,60000,2,2,2,22,0,0,0,0,0,-1,15054,9806,11068,6026,-28335,18660,1500,1518,2043,0,47671,617,0
162,370000,1,1,2,50,-2,-2,-2,-2,-2,-2,6093,15130,8204,15398,4792,13453,15383,8204,15413,4792,13453,4699,0
852,40000,2,1,2,29,0,0,2,2,2,2,26461,29425,30145,29361,33893,34487,3400,1500,0,5000,1300,0,1
198,140000,2,1,2,26,-1,0,-1,-1,-1,-1,13424,18000,13001,5818,13506,487,10000,13001,5841,13506,487,7004,0
905,360000,2,1,2,27,0,-1,0,-1,-1,-1,79837,27456,68117,39105,54456,46153,27465,50154,39105,54456,46153,40000,0
736,170000,2,2,1,33,0,0,0,0,0,0,109863,79574,78440,80141,81862,84237,4380,3000,3000,3000,4000,4500,0
117,450000,1,1,1,40,1,-2,-2,-2,-2,-2,0,0,0,0,0,0,0,0,0,0,0,0,1
943,50000,1,2,1,59,0,0,0,0,0,0,47069,48479,49520,18990,19539,19791,2169,2210,680,855,726,687,0
424,70000,1,1,2,27,0,0,0,0,0,0,70119,68536,66601,29401,28949,29795,3600,1646,600,28468,1327,1000,0
700,30000,2,2,3,22,1,2,4,3,2,2,22582,26518,25814,25110,24569,26357,4600,0,0,0,2200,2500,0
120,20000,1,1,2,27,0,0,0,0,0,0,19115,18962,19298,19378,19717,15630,1404,1130,600,861,313,0,0
187,60000,2,1,2,27,2,0,0,0,2,0,19625,20347,21669,23005,22499,22873,1342,1664,2000,0,900,846,1
977,30000,1,2,2,29,8,7,6,5,4,3,34423,33952,33165,32391,31332,30558,0,0,0,0,0,0,0
333,140000,2,2,2,31,-2,-2,-2,-2,-2,-2,390,0,0,0,0,0,0,0,0,0,0,0,0
707,30000,2,2,1,42,0,0,0,0,0,0,47912,25023,25768,26410,27960,46254,1755,1500,1000,1909,1000,2000,0
141,50000,1,1,2,28,0,0,0,0,0,3,4999,5913,7315,9195,10624,10138,1000,1500,2000,1583,1100,0,0
845,80000,2,3,1,57,-1,2,-1,0,0,0,726,726,15400,15000,15000,15000,0,15400,0,0,0,100,0
254,100000,2,3,1,43,0,0,-2,-2,-2,-2,62170,0,0,0,0,0,0,0,0,0,0,0,0
928,160000,2,2,2,29,2,2,-1,-1,-1,-1,1989,-8,866,0,892,0,0,874,0,892,0,594,1
402,120000,2,2,1,25,0,0,0,-2,-2,-2,26476,21393,0,0,0,0,6000,0,0,0,0,0,0
279,100000,2,1,2,28,0,0,0,0,0,0,53494,52656,52600,52336,55831,56265,4173,3000,2025,5000,3000,3000,0
740,260000,2,2,1,46,-2,-2,-2,-2,-2,-2,29484,28592,16869,12713,10420,12532,10000,3000,12713,10420,12532,12151,0
142,170000,2,2,2,27,0,0,0,0,0,0,19269,20313,20852,17560,17918,9100,1661,1200,351,358,182,0,1
470,120000,2,2,1,32,-1,-1,-1,-1,-1,-1,4158,2682,0,6440,0,5930,2682,0,6440,0,5930,5120,0
271,70000,2,2,2,36,0,0,0,0,0,0,68699,69120,68376,30163,14310,15085,4483,12496,3268,3000,3000,2000,0
60,130000,2,2,1,51,-1,-1,-2,-2,-1,-1,99,0,0,0,2353,0,0,0,0,2353,0,0,0
122,200000,1,3,2,52,0,0,0,0,0,0,110151,99530,98951,100914,103146,104993,3568,3585,3602,3848,3669,3784,0
114,400000,1,2,1,34,-1,-1,-1,-1,-1,-1,19660,9666,11867,7839,14837,7959,9677,11867,7839,14837,7959,5712,0
490,80000,2,1,1,28,0,0,0,0,0,0,8574,9434,10038,10040,10400,10490,1203,1047,248,408,294,276,1
183,200000,2,3,2,47,2,2,2,2,2,2,199436,202947,193936,196186,200162,189915,8214,7000,6800,7134,0,6836,1
28,100000,1,1,2,32,0,0,0,0,0,0,93036,84071,82880,80958,78703,75589,3023,3511,3302,3204,3200,2504,0
723,450000,1,2,2,33,-2,-2,-2,-2,-2,-2,-14,2568,-387,-387,-387,113,2582,0,0,0,500,2515,0
524,360000,1,1,2,26,1,-2,-2,-2,-1,-1,-8,-8,-8,-8,1677,2600,0,0,0,1685,2613,0,0
622,70000,1,1,1,46,0,0,0,0,0,0,60040,55274,51766,51757,50013,49946,2600,1800,2000,3140,2000,1800,0
496,30000,2,2,1,38,0,0,0,0,2,2,20344,21705,22537,24161,25128,24576,2000,1500,2000,1500,0,1200,0
410,480000,2,3,1,41,-2,-2,-2,-2,-2,-2,14867,26665,199960,9033,19371,22593,26734,199982,9033,19371,22593,2000,0
401,200000,1,1,1,52,-2,-2,-2,-2,-2,-2,3858,2690,3410,0,0,82150,2690,3487,0,0,85900,396,0
207,210000,2,1,1,38,1,-2,-1,0,-1,-1,0,0,250,123,789,1222,0,250,0,789,1222,9616,1
314,50000,2,3,1,46,3,2,2,0,0,0,48522,50955,29516,29742,29898,24883,3754,1,1070,1030,863,654,0
260,80000,2,1,2,37,-1,-1,-1,-1,-1,-1,10115,249,5986,188,1644,16872,258,5995,188,1644,16872,4000,0
153,200000,2,3,2,30,0,0,0,0,0,0,196031,196143,189524,167163,146975,122324,7300,7108,7680,6200,5000,4500,0
366,180000,1,2,1,36,2,2,-2,-2,-2,-2,83538,0,0,0,0,0,0,0,0,0,0,0,1
775,50000,2,2,2,31,1,-2,-1,-1,-1,2,0,0,190,0,36059,32851,0,190,0,36059,0,2420,0
565,270000,2,1,1,40,0,0,0,-2,-2,-2,18751,5706,0,0,0,0,1000,0,0,0,0,0,0
126,30000,2,1,2,23,1,-2,-2,-2,-1,-1,4000,5645,3508,-27,13744,5906,5645,3508,27,13771,5911,3024,0
742,50000,2,2,1,34,0,0,0,0,0,0,10821,11877,13656,14949,16567,16826,1221,2000,1500,2000,2000,4000,0
26,230000,2,1,2,27,-1,-1,-1,-1,-1,-1,16646,17265,13266,15339,14307,36923,17270,13281,15339,14307,37292,0,0
577,90000,1,2,2,33,-1,0,0,0,0,0,35785,29155,27485,29266,35598,38449,15155,5485,5263,8598,5449,6537,0
13,320000,1,1,1,49,0,0,0,-1,-1,-1,253286,246536,194663,70074,5856,195599,10358,10000,75940,20000,195599,50000,0
213,80000,1,2,2,36,2,0,0,0,0,0,79278,78501,78534,80016,76235,78245,3100,3500,3400,3000,3500,3000,0
221,170000,2,1,2,28,0,0,0,0,0,0,130370,131199,128900,125514,127280,128839,6530,4860,22500,4820,4877,4962,0
593,210000,2,3,2,31,1,-2,-2,-2,-2,-2,0,0,0,0,0,0,0,0,0,0,0,0,0
92,360000,1,1,1,43,-1,-1,-1,-1,-1,0,3967,8322,3394,6451,26370,9956,8339,3394,12902,27000,0,68978,0
795,210000,2,2,1,35,0,0,0,0,0,0,37148,35754,34232,32331,30337,28012,2000,2000,2444,1342,1038,2000,0
831,30000,2,3,2,53,-1,-1,-1,-1,-1,-1,1598,2487,0,4810,2796,3245,2487,0,4810,2796,3245,7305,1
459,230000,2,1,2,28,0,0,0,0,0,0,30141,131255,110503,99283,97599,96116,120093,8034,3013,4010,5882,3000,0
541,390000,2,1,2,31,0,0,0,0,0,0,50620,43220,44237,46495,47751,51941,5000,3000,3000,2000,5000,5000,0
714,150000,2,1,1,35,1,-2,-2,-2,-2,-2,0,0,0,0,0,0,0,0,0,0,0,0,0
231,80000,1,1,2,35,-1,-1,-1,-1,-1,-1,7988,3977,6848,1719,1378,19942,3983,6853,1719,1378,19942,2418,0
507,120000,2,2,2,35,-1,-1,-1,-1,-1,-1,240,240,240,240,240,240,240,240,240,240,240,240,1
747,90000,2,1,2,25,2,0,0,0,0,-1,84710,87334,87862,18889,-783,73568,4000,3258,1000,0,77500,0,0
910,70000,1,3,1,30,0,0,0,0,0,0,19882,20611,21859,22445,22935,23404,1352,1600,949,1000,1000,1000,0
16,130000,2,3,2,39,0,0,0,0,0,-1,38358,27688,24489,20616,11802,930,3000,1537,1000,2000,930,33764,0
731,70000,2,3,1,50,-2,-2,-1,0,0,0,27345,-1041,17571,17920,18296,18659,1041,18862,640,663,666,690,0
607,360000,2,1,2,29,0,0,-2,-2,-2,-1,3280,0,0,0,0,2650,0,0,0,0,2650,0,1
559,360000,1,2,2,38,-1,0,0,0,0,0,108351,111201,63146,63723,65108,66078,8005,8004,5000,5000,5000,105700,0
404,320000,2,1,2,27,0,0,0,0,0,0,55607,62893,59001,61565,59508,66541,11404,8232,10450,9697,16477,11341,0
99,50000,2,3,2,22,0,0,0,0,0,0,44698,42254,38347,32496,23477,24094,1767,1362,1002,840,995,904,1
511,100000,1,3,1,56,0,0,-1,0,0,0,94265,53376,85787,78762,79529,80335,2385,88678,2169,2634,3132,732,0
881,70000,2,2,2,23,0,0,0,0,0,0,49605,51804,53041,55150,57098,59141,3000,2700,3000,3000,3000,4700,0
352,240000,2,2,2,26,0,0,0,0,0,0,141315,128940,124226,113133,113966,103360,6349,5834,3870,4000,3825,3520,0
156,30000,1,1,2,41,2,2,2,2,2,0,24357,27453,26718,28168,27579,28321,3500,0,2200,0,1200,1250,0
703,30000,2,3,1,46,1,2,2,2,2,2,12289,11806,13268,12758,13549,14673,0,1970,0,1000,1500,0,0
637,130000,2,3,1,28,0,0,0,0,-2,-2,100143,50456,50000,0,0,0,2500,1000,0,0,0,0,0
497,90000,2,2,1,35,1,2,2,2,2,2,23132,22474,28067,27320,31199,30548,0,6000,0,4500,0,2000,0
208,40000,2,3,1,43,0,0,0,0,0,0,38257,38901,38103,36207,33138,31339,1700,1504,1200,1500,1500,1000,0
504,80000,2,2,1,30,0,0,0,0,0,2,21507,13207,13997,10914,10685,5515,1700,1400,200,1000,0,500,0
592,360000,1,2,2,29,0,0,0,0,0,0,268112,263368,259969,255832,245462,250244,9429,8738,7017,7154,7073,7300,0
958,200000,1,2,2,31,0,0,0,0,0,0,33781,35879,26043,27497,29082,31647,3000,2000,2000,2000,3000,4000,0
726,50000,2,3,2,26,0,0,0,0,0,0,9935,11029,12795,9983,10884,7666,1234,2000,297,1000,307,361,0
324,340000,1,2,1,55,-2,-1,-1,-2,-2,-2,50396,44665,8300,2190,24599,7416,44665,8321,2190,24599,7416,77195,0
202,100000,1,1,1,47,-1,-1,-1,-1,-1,-1,390,1473,390,390,390,0,1473,390,390,390,0,2380,0
130,30000,2,2,2,22,0,0,0,0,0,0,28452,26145,26712,25350,17603,-780,2000,1400,0,500,0,1560,0
518,360000,1,1,2,28,-1,-1,-1,0,0,-1,1210,820,64644,125984,106584,125557,390,75720,62520,17000,132200,167000,1
779,210000,2,1,1,42,1,-2,-1,-1,-2,-2,0,0,2490,0,0,0,0,2490,0,0,0,0,1
20,90000,1,1,2,23,0,0,0,-1,0,0,4744,7070,0,5398,6360,8292,5757,0,5398,1200,2045,2000,0
791,100000,2,2,1,30,0,0,0,0,0,0,97062,74352,75004,76705,78168,80347,2800,2700,5400,3500,3500,3200,0
873,280000,2,2,2,27,-1,-1,-1,-1,-1,-1,5924,5174,980,3058,3158,9530,5174,1078,3058,3158,9530,0,0
70,340000,1,1,2,32,-1,-1,-1,-1,-1,-1,3048,5550,23337,4291,80153,25820,5713,23453,4314,80552,25949,2016,0
945,160000,2,3,1,51,-1,2,-1,-1,-1,-1,2000,1000,2125,2125,1000,2125,0,2125,2125,1000,2125,23250,0
15,180000,2,1,2,29,1,-2,-2,-2,-2,-2,0,0,0,0,0,0,0,0,0,0,0,0,0
602,50000,2,2,1,36,0,0,0,0,0,-2,9214,10359,7350,7500,0,0,1351,1500,150,0,0,0,0
660,40000,2,2,1,32,0,0,0,2,2,2,24114,25417,28777,29107,29693,30456,2000,4110,1100,1200,1400,0,0
962,30000,1,1,2,28,1,-2,-1,-1,-1,-2,0,0,1310,816,0,0,0,1310,816,0,0,0,0
228,50000,1,2,1,26,0,0,-2,-1,-1,0,102800,0,0,2624,45567,46557,0,0,2624,45567,1747,2000,0
563,360000,1,1,2,28,-1,-1,-1,-1,-1,-1,7071,401,3545,10540,10132,6220,1510,3575,10573,10155,6240,16071,0
562,90000,2,1,2,24,0,0,0,0,0,0,13141,14526,15482,18219,22737,23387,1600,1500,3000,5000,1020,764,1
797,20000,1,2,2,25,4,3,2,0,0,0,20610,20005,19331,19333,17363,16314,0,0,500,715,326,0,1
623,230000,1,1,1,39,-1,-1,-1,-1,-1,-1,660,660,660,660,660,660,660,660,660,660,660,660,0
874,50000,2,2,1,43,0,0,0,-1,0,0,23587,24580,20165,10732,10566,10757,1800,1775,10732,384,757,501,0
983,380000,1,3,1,53,-2,-2,-2,-2,-2,-2,0,0,0,0,0,0,0,0,0,0,0,0,0
355,260000,1,1,1,34,-1,-1,-1,-1,-1,-1,49657,291,51058,2351,34039,291,291,51058,35696,34039,291,291,0
515,290000,2,1,1,34,0,0,0,0,0,0,93844,97708,103066,104864,110151,115297,6000,7000,5000,7000,7000,7000,0
299,20000,2,1,2,25,0,0,2,0,0,0,11968,14564,27820,15824,15761,12510,2800,0,4000,1700,1000,2000,1
553,110000,2,2,2,32,0,0,2,2,2,2,65299,74565,78516,79829,81603,83206,11000,5800,3200,3200,3100,3000,0
757,140000,2,2,2,24,-1,-1,-2,-1,-1,-2,197,0,0,233,0,0,0,0,233,0,0,0,0
319,230000,2,2,1,28,0,0,0,-2,-1,-1,26361,18826,1100,2100,767,6173,1710,1100,1000,767,6173,1000,1
923,50000,2,2,2,22,0,0,0,0,0,0,50342,50482,49217,40882,20258,20303,1896,1656,1750,717,753,1000,0
146,140000,1,2,1,32,0,0,0,0,2,0,86627,78142,68336,64648,58319,55251,3455,3110,5000,0,2100,2602,0
369,30000,1,3,3,54,0,0,0,0,0,0,22987,22298,22352,23221,24339,25943,2500,2000,1500,4000,2000,0,0
539,100000,2,1,2,24,0,0,0,0,-1,-1,30092,30486,30178,29735,14718,29427,1553,5000,87,14761,29514,330,0
889,320000,1,1,2,27,0,0,0,0,0,0,137574,199563,122093,105425,100206,96073,6048,6371,3043,3031,3066,3031,0
309,200000,2,3,1,49,-1,2,2,2,0,0,52439,51040,56205,54723,58657,59983,0,6000,0,5000,2286,3000,1
395,120000,2,2,2,25,2,2,2,2,2,2,120298,120822,109887,116313,119311,117167,4007,0,8272,5000,0,4400,0
908,140000,2,3,1,46,0,0,0,0,0,0,68075,69972,71805,73613,75426,77169,3000,3000,3000,3000,3000,5000,0
35,280000,1,1,2,31,-1,-1,2,-1,0,-1,498,9075,4641,9976,17976,9477,9075,0,9976,8000,9525,781,0
730,110000,1,2,1,57,0,0,0,0,0,0,46132,41050,40091,40659,38529,30900,2306,2111,3009,1725,1500,0,0
636,280000,1,2,1,42,0,0,0,0,0,0,148363,148432,151310,141937,144990,147911,6900,6867,5500,5500,5500,5600,0
824,200000,2,2,1,58,-1,-1,-1,-1,-2,-1,3035,199602,720,0,0,1500,199646,720,0,0,1500,185652,0
305,60000,2,1,2,27,-1,-1,-1,-1,-1,-1,20847,13801,14366,4889,273,11736,13809,14583,4889,273,13557,0,0
582,220000,1,1,1,43,1,-2,-2,-2,-2,-2,0,0,0,0,0,0,0,0,0,0,0,0,1
652,290000,2,3,2,27,0,0,0,0,-1,-1,13820,15614,16293,7760,2000,0,2000,1300,0,2000,1000,0,0
14,360000,2,1,1,49,1,-2,-2,-2,-2,-2,0,0,0,0,0,0,0,0,0,0,0,0,0
522,20000,1,2,2,27,1,2,0,0,0,2,18649,18066,19040,19446,20759,20241,0,1594,1000,1606,0,300,0
734,110000,2,1,2,25,0,0,0,0,0,0,92849,94766,93894,85723,86443,84011,4346,4075,3144,3238,3167,3202,0
642,60000,1,3,1,31,2,0,0,-2,-2,-2,35369,35320,0,0,0,0,1027,0,0,0,0,0,1
568,350000,1,1,2,33,-1,-1,-1,-2,-2,-1,10900,10478,-22,-22,-22,4532,10530,0,0,0,4554,0,0
302,500000,2,2,1,36,-1,-1,-1,-1,-1,-1,10483,23956,0,8500,4590,0,23962,0,8500,4590,0,0,0
789,280000,2,3,1,40,1,-2,-2,-2,-2,-2,-288,-288,-288,-288,-288,2124,0,0,0,0,2412,0,0
666,30000,2,2,2,34,2,-1,2,2,2,2,99568,32326,31840,37075,37662,36904,33000,33000,5810,1325,0,3095,0
844,150000,1,3,1,37,4,4,4,3,2,0,151117,153787,150320,147989,143355,143131,6500,0,512,0,4388,4221,1
970,140000,1,2,1,30,0,0,0,0,0,0,134203,127319,107496,69218,70702,72267,5000,3500,2700,2600,2742,2700,1
465,90000,2,1,1,41,-1,-1,-1,-1,-1,-1,6160,3274,6190,307,2870,670,3276,6246,307,2870,670,1362,0
864,140000,2,2,1,39,0,0,0,0,0,0,105192,90337,74510,73876,76180,78400,3000,6000,4000,4000,4000,3000,0
921,180000,1,1,2,27,-2,-1,2,2,-2,-2,11392,14688,14040,13440,13440,13080,3500,0,0,0,0,0,1
825,50000,2,2,1,48,0,-1,-1,0,0,0,20944,4696,47225,16483,9343,9693,2360,49325,3001,1882,500,503,0
739,70000,1,1,2,51,0,0,0,2,0,0,43048,43257,44115,41112,39922,40150,3000,4000,0,1500,3000,5000,0
78,60000,1,3,2,30,0,0,0,0,0,0,26324,27471,28108,21993,19899,19771,1576,1213,648,768,1140,0,1
974,180000,1,2,2,26,0,0,0,0,0,0,5591,6619,10574,7733,6794,5487,1126,4081,240,504,169,62,1
672,190000,1,2,2,40,2,2,2,2,2,2,145613,156765,159386,161870,165725,169928,15000,6600,6500,6500,7000,7000,1
32,280000,1,2,1,40,0,0,0,0,0,0,186503,181328,180422,170410,173901,177413,8026,8060,6300,6400,6400,6737,0
170,360000,1,1,2,29,1,-2,-1,-1,-2,-2,0,0,77,0,0,0,0,77,0,0,0,0,0
869,180000,1,1,1,45,-1,-1,-1,-1,-1,-1,4453,3310,7226,5060,2832,1890,3310,7228,5060,2832,1890,2576,0
956,380000,1,1,2,43,1,2,2,-2,-2,-2,8201,7882,-2,-2,-2,-2,39,0,0,0,0,0,1
576,30000,1,2,2,28,1,-1,-1,-2,-2,-2,0,780,0,0,0,0,780,0,0,0,0,0,1
379,170000,2,2,2,28,-1,0,0,2,0,0,2948,3848,5646,5464,5577,5889,1105,1903,0,296,500,95,1
210,470000,1,2,2,27,2,2,2,2,0,0,296573,303320,307843,479978,305145,309959,13000,11001,0,10484,10838,10367,0
268,260000,2,1,2,58,1,-2,-2,-2,-2,-2,0,0,0,0,0,0,0,0,0,0,0,0,1
136,240000,1,1,2,47,1,-2,-2,-2,-2,-2,0,0,0,0,0,0,0,0,0,0,0,0,1
63,210000,2,1,2,30,2,-1,-1,-1,-1,-1,300,300,1159,2280,300,4250,300,1159,2280,300,4250,909,0
502,500000,2,2,2,43,-1,-1,-1,0,0,-1,3959,0,285138,249445,222831,200,0,285138,4989,100,200,528666,0
841,490000,2,1,1,38,-1,-1,-1,-1,-1,0,4290,4738,2803,6027,10722,8452,4738,2803,6027,10722,6000,1139,0
252,140000,2,2,1,48,0,-1,-1,-1,-1,-1,1154,1233,862,1355,1130,21361,1233,1075,1355,1130,21361,1347,0
580,50000,1,2,2,42,0,0,0,0,0,0,50300,50898,49111,48943,45775,0,2200,1600,1700,1700,0,0,0
335,120000,2,1,2,34,-1,-1,0,-1,-1,-1,882,6531,6313,1100,1330,830,6900,5037,1100,1330,3800,2037,0
675,30000,2,1,2,56,-1,0,0,-2,-2,-2,29033,17013,7024,7024,7024,7024,1283,7024,7024,7024,7024,7024,0
709,170000,1,2,1,42,1,-1,-1,-2,-2,-1,0,1690,0,0,0,4750,1690,0,0,0,4750,0,0
771,60000,2,1,2,26,1,2,0,0,0,0,29649,21657,28736,42733,46404,37993,0,8000,15000,9000,10000,0,0
513,50000,1,2,1,47,0,0,0,0,0,0,13917,16695,21320,18614,19003,19439,3000,5000,2000,618,679,500,0
767,260000,1,1,2,44,-1,-1,-1,-1,-1,-1,316,316,316,316,316,466,316,316,316,316,466,316,0
875,20000,2,2,1,43,2,0,0,0,0,2,15294,16340,17359,17776,19293,18844,1300,1300,700,1800,0,1000,0
255,220000,1,1,1,48,2,0,0,0,0,0,210380,213522,201852,169115,172169,162402,10000,9020,6000,5500,6000,5500,1
2,500000,1,1,2,29,0,0,0,0,0,0,367965,412023,445007,542653,483003,473944,55000,40000,38000,20239,13750,13770,0
720,80000,2,2,2,34,0,0,0,2,2,2,25935,27210,28783,30003,29385,31401,2000,2338,2000,0,2500,0,0
315,180000,1,2,2,29,1,-2,-2,-2,-2,-2,-2,-2,-2,-2,-2,-2,0,0,0,0,0,0,0
347,200000,1,1,1,36,1,-2,-1,-1,-2,-1,-14386,-13543,3432,-3684,0,1386,10118,47015,0,4000,100000,10000,0
464,500000,1,2,1,38,0,0,0,-1,0,0,59372,49677,49515,42568,48268,51481,10026,7241,50091,25000,5078,2132,0
718,180000,2,1,2,27,1,-1,-1,-1,-1,-1,0,3338,3333,3333,3333,3333,3338,3333,3333,3333,3333,3333,0
529,100000,2,3,1,50,2,0,0,3,3,2,53849,55030,61574,62470,61198,62524,2050,7500,2500,0,2500,2500,1
605,200000,2,2,1,34,-1,-1,-1,-1,-1,-1,390,390,390,561,390,390,390,390,561,390,390,390,0
97,380000,2,1,2,30,-2,-2,-1,0,0,0,-81,-303,32475,32891,33564,34056,223,33178,1171,1197,1250,5000,0
134,50000,2,3,1,51,-1,-1,-1,-1,-2,-2,752,300,5880,0,0,0,300,5880,0,0,0,0,1
229,190000,1,2,2,34,2,0,0,0,2,2,129801,131383,134379,142323,140120,150052,5000,5000,10000,0,12118,2769,1
111,30000,1,1,2,24,-1,2,0,0,3,2,18199,17618,18631,21319,20692,21201,0,1312,3000,0,1000,1000,1
25,50000,1,1,2,26,0,0,0,0,0,0,15329,16575,17496,17907,18375,11400,1500,1500,1000,1000,1600,0,0
608,50000,1,2,1,37,0,0,0,0,0,0,48226,48727,46228,46755,43686,44573,2000,1684,1601,2000,2000,2000,0
478,70000,2,2,2,28,0,0,0,0,-1,2,41264,41799,37887,37876,6736,4162,2112,1200,758,6736,0,0,0
339,180000,1,1,1,39,0,0,-1,0,0,-1,274731,281713,242063,122295,-1005,1005,11000,145000,26000,0,101005,1898,0
632,50000,2,3,1,49,0,0,0,0,0,0,5630,6629,5918,6918,6941,4756,1107,1000,1000,1500,2150,0,0
965,180000,2,2,1,32,0,0,0,0,-1,-1,74189,30670,6428,4618,2708,54024,2000,1000,0,2708,54024,2000,0
264,40000,2,1,2,48,0,0,0,0,0,0,34871,34449,33634,34586,34762,35673,1600,1600,1500,1500,1500,1500,0
376,130000,2,2,2,29,0,0,0,0,0,0,89055,90780,70947,72367,73875,75355,4200,2575,2600,2674,2701,5750,0
690,320000,1,2,1,37,-2,-2,-2,-2,-2,-2,43528,498,429,14257,5417,2967,500,431,14328,5439,2980,5028,0
375,50000,1,2,2,31,0,0,0,0,0,0,20526,15129,15093,9577,11139,12487,2000,3000,327,3000,3000,5000,1
804,190000,2,1,2,26,0,0,0,0,0,2,31061,32129,33142,33726,35758,35171,1750,1720,1300,2600,0,1400,0
81,160000,1,2,2,33,0,0,0,0,0,0,130028,107808,71934,118418,118407,120418,4400,3547,80000,4500,4800,4500,0
241,20000,2,2,2,40,0,0,0,0,0,-2,19816,20396,20102,19575,0,0,1601,2203,2114,0,0,0,0
477,140000,1,2,2,26,0,0,2,2,2,2,131367,146193,140202,144035,140419,130271,17000,0,11400,550,5300,5400,1
822,50000,2,2,1,24,1,2,0,0,0,2,27087,26372,26992,27693,29237,28607,0,1400,1100,2100,0,1000,0
890,240000,2,2,1,37,-1,-1,-2,-2,-2,-2,238,0,0,0,0,0,0,0,0,0,0,0,1
999,360000,1,1,2,36,1,-2,-2,-2,-2,-2,0,0,0,0,0,0,0,0,0,0,0,0,1
321,210000,1,2,2,43,1,-2,-1,0,0,0,0,0,38013,40555,45075,37056,0,38013,3000,5000,3000,3000,0
370,180000,1,1,1,46,0,0,0,0,0,0,173267,174590,175233,106288,28089,178719,8100,5299,3305,5040,160719,7000,0
362,50000,2,2,1,61,0,0,0,0,0,0,47166,49396,50476,23319,23171,24774,3000,2237,975,1000,2000,1039,0
532,440000,2,1,2,35,0,0,0,0,0,0,330759,337794,274075,252584,216547,179221,13100,11000,10000,9000,7100,5500,0
242,250000,2,2,1,75,0,-1,-1,-1,-1,-1,52874,1631,1536,1010,5572,794,1631,1536,1010,5572,794,1184,0
827,20000,2,3,1,24,8,7,6,5,4,3,24310,23987,23353,22719,21796,21162,0,0,0,0,0,0,0
749,500000,2,2,2,43,-1,0,0,0,0,0,43346,43976,39032,29092,22725,11590,4006,2383,1126,782,596,1572,0
829,230000,2,3,2,30,-1,-1,-1,0,0,0,550,0,13013,14265,13659,0,0,13013,1252,3659,0,0,0
498,230000,2,6,2,46,0,0,0,0,0,0,221590,227397,230302,186635,189896,193351,10000,9000,8000,8000,7500,7000,0
885,390000,1,2,2,28,0,0,0,0,0,0,149445,139794,133224,106127,51097,38555,8046,5150,5297,5084,5065,5042,0
350,50000,1,3,1,58,2,2,2,0,0,2,15899,18720,18122,18530,19089,18856,3400,0,1000,1001,634,638,0
589,80000,1,2,1,32,0,0,0,0,0,0,48747,45955,44989,41358,42379,38052,2145,1844,2009,5017,2000,5002,0
168,50000,2,2,2,22,-1,0,0,0,0,0,8567,15273,11650,7457,3115,7725,15000,1000,149,0,5000,10000,0
276,30000,2,1,2,27,0,0,-1,0,0,-2,1512,2458,664,1814,0,0,1000,664,1500,0,0,0,0
64,130000,2,3,2,29,1,-2,-2,-1,2,-1,-190,-9850,-9850,10311,10161,7319,0,0,20161,0,7319,13899,0
1,50000,1,1,2,37,0,0,0,0,0,0,64400,57069,57608,19394,19619,20024,2500,1815,657,1000,1000,800,0
942,240000,2,2,1,37,0,0,0,0,0,0,219099,217058,187841,186140,191678,191816,8131,8123,6700,10000,7700,6000,0
867,80000,2,3,1,40,0,0,0,0,0,0,35660,37082,38464,38922,40791,43108,2000,2000,1397,2500,3000,1600,0
953,200000,2,1,1,34,-1,0,0,-1,0,-1,6206,6723,7545,362,181,488,1120,1024,362,0,488,300,1
929,30000,1,2,2,32,2,0,0,2,2,2,7851,9065,11595,11112,12923,12566,1500,3000,0,2000,0,1000,1
426,90000,2,2,2,25,0,0,0,0,0,0,91894,71732,73241,74424,76070,77648,3200,3300,3000,3001,3000,3100,0
727,200000,1,2,1,38,0,0,0,0,0,0,152856,156104,158279,161934,165447,168802,6000,5000,5000,5000,4917,10000,0
214,110000,2,3,0,31,0,0,0,0,0,0,89989,84229,79288,73315,63818,63208,4000,5000,3000,3000,3000,8954,0
583,210000,1,3,2,25,-1,-1,2,-1,-1,-1,8817,23634,21776,9631,1561,1990,23776,0,9631,1561,1990,7967,1
656,160000,2,1,1,33,-2,-2,-2,-2,-2,-2,14150,8106,12431,12145,13391,7957,8106,12431,12145,13391,7957,1905,0
950,110000,2,2,1,46,-1,-1,-1,-1,-1,0,2410,2151,2161,1719,107591,107940,2151,2161,1719,107591,5000,3500,0
467,400000,2,2,2,41,0,0,0,0,0,0,366193,372700,375948,195991,152127,155182,14020,13595,6243,6007,6061,6012,0
792,230000,2,1,2,29,-2,-2,-2,-2,-2,-2,0,0,0,0,0,0,0,0,0,0,0,0,0
951,160000,1,1,1,41,0,-1,0,0,2,2,117126,11222,15513,18087,17499,19939,15315,15000,3000,0,3000,0,0
569,160000,2,2,2,60,-2,-1,-1,0,-1,-1,3128,5156,1089,489,3177,1009,5156,1089,0,3177,1009,0,1
58,50000,1,1,2,29,2,2,2,2,2,2,24987,24300,26591,25865,27667,28264,0,2700,0,2225,1200,0,1
296,100000,1,2,2,37,0,0,0,0,0,0,99209,98222,67185,66926,66796,64513,3490,2332,2314,2365,2497,2305,0
84,130000,2,1,1,35,0,0,0,-1,-1,-1,81313,117866,17740,1330,7095,1190,40000,5000,1330,7095,1190,2090,0
472,50000,1,1,2,44,0,0,0,0,0,0,50893,28527,29241,28513,29106,29638,1800,1500,1200,1203,1166,1000,0
969,150000,2,1,3,30,-2,-2,-2,-2,-2,-2,50,6527,2168,-7,1373,-1,8589,2500,0,1380,0,2050,0
959,30000,1,2,2,30,-1,0,0,0,0,0,27826,28672,29622,30271,24536,22913,1600,1500,1000,1000,1000,1000,0
808,140000,2,1,2,24,1,-2,-2,-2,-1,-1,0,0,0,0,1086,0,0,0,0,1086,0,0,0
540,360000,2,1,1,34,-1,0,0,-1,0,-1,12339,10138,23912,9785,166,2142,10000,13912,9785,0,2142,4230,0
36,360000,1,1,2,33,0,0,0,0,0,0,218668,221296,206895,628699,195969,179224,10000,7000,6000,188840,28000,4000,0
979,60000,1,3,1,49,0,0,0,0,0,0,44801,41545,40649,40843,40612,40656,3000,4506,2500,1800,4200,2500,0
856,50000,1,1,2,26,-2,-2,-2,-2,-2,-2,0,0,0,0,0,0,0,0,0,0,0,0,0
119,310000,2,2,1,35,2,0,0,0,0,0,304991,311243,306314,258610,246491,198889,13019,11128,8407,8599,6833,5987,1
872,150000,1,1,2,33,0,0,0,0,0,0,45335,50262,54793,59244,64096,68837,6000,6000,6000,6000,6001,6000,0
868,500000,2,3,1,38,-2,-2,-2,-2,-2,-2,13655,8351,2340,2340,11435,189,8351,2340,2340,11435,189,5391,0
392,100000,1,1,2,38,0,0,0,0,0,0,40810,42653,42351,43011,43011,28947,2502,1200,860,0,579,0,0
7,260000,2,1,2,51,-1,-1,-1,-1,-1,2,12261,21670,9966,8517,22287,13668,21818,9966,8583,22301,0,3640,0
871,30000,2,2,1,25,0,0,0,0,0,2,30606,29579,30291,30616,30456,29818,1800,1512,1259,2500,0,1000,0
840,500000,1,3,1,39,0,0,0,0,0,0,315201,332071,375070,354839,369532,367399,25000,50000,20000,19586,14122,12022,0
799,230000,2,1,2,28,-1,-1,-1,-2,-2,-2,6666,6666,0,0,0,0,6666,0,0,0,0,0,0
756,50000,2,2,2,52,1,2,0,0,0,2,43343,43360,23417,21969,21179,18711,1300,1400,920,1700,0,900,1
51,500000,2,1,1,45,-2,-2,-2,-2,-2,-2,1905,3640,162,0,151,2530,3640,162,0,151,2530,0,0
597,30000,1,3,1,59,-1,-1,-1,-1,-1,-1,390,390,390,390,390,1320,390,390,390,390,1320,0,1
820,40000,1,1,2,27,0,0,0,0,0,0,11058,11471,11776,12660,12660,12413,2000,1500,2330,2300,1000,2078,1
282,210000,1,1,2,38,2,0,0,0,0,0,60502,62804,62769,62683,63663,46549,3276,2026,2000,2000,2000,2502,0
752,140000,2,2,2,26,0,0,-1,-1,0,0,4113,6030,16025,24616,19458,20047,2000,16025,24616,1000,1000,1000,0
784,80000,1,2,2,29,0,0,0,0,0,0,11894,12287,12407,14360,14657,4129,1284,1047,2000,359,175,1000,0
365,20000,2,2,1,32,3,2,0,0,0,0,20631,20010,19703,11084,10918,10985,0,1168,384,390,632,616,1
455,70000,1,2,1,48,0,0,0,0,0,-1,50927,39883,32017,17630,9730,6400,2100,1217,500,0,6400,4590,1
54,200000,2,1,2,34,-1,3,2,2,2,2,1587,1098,782,1166,700,1414,0,0,700,0,1200,0,0
233,210000,2,1,2,31,-2,-2,-2,-2,-1,-1,1440,0,7422,893,6082,2293,0,7422,893,6082,2293,3299,0
72,50000,1,3,2,25,-1,0,0,0,0,0,42838,37225,36087,9636,9590,10030,1759,1779,320,500,1000,1000,0
774,50000,2,1,1,32,2,0,0,-1,0,-1,47858,49223,42589,639,4639,2312,2500,3000,7000,4000,2413,2000,1
566,200000,2,1,2,29,1,-1,-1,-1,-1,-1,55788,8360,4897,5065,19468,0,8394,4927,5089,19561,0,125,0
418,230000,2,2,2,38,-1,-1,-1,-1,-1,-1,10237,2795,1350,371,2980,0,2795,1350,371,2980,0,2213,0
964,20000,2,2,1,27,0,0,0,-1,0,0,42784,41009,44267,47149,48497,14774,3000,5000,10000,3011,2011,2011,0
372,30000,1,2,1,43,1,2,0,0,0,2,20518,19901,20905,21509,25183,24242,0,1342,946,4200,0,1000,0
688,200000,2,2,1,29,2,0,0,0,0,0,159398,156955,132144,119136,122211,125021,6163,4530,4500,5000,5000,5000,1
30,500000,1,1,1,58,-2,-2,-2,-2,-2,-2,13709,5006,31130,3180,0,5293,5006,31178,3180,0,5293,768,0
728,120000,1,1,2,34,1,2,-1,-1,-2,-2,1278,639,621,-18,-18,-18,0,621,0,0,0,0,0
223,20000,1,2,1,37,0,0,0,0,0,0,16455,16511,18902,18768,18650,19175,1609,3000,663,676,834,782,0
364,300000,1,1,1,40,1,-2,-2,-2,-2,-2,0,0,0,0,0,0,0,0,0,0,0,0,0
308,20000,1,1,2,40,0,0,0,2,0,0,10934,13738,16567,10411,13057,14340,3000,3100,0,3000,1500,0,0
684,140000,1,1,1,40,0,0,0,0,0,0,123049,125616,129695,130735,133467,136287,4310,5913,4426,4580,4770,4767,0
549,240000,2,1,1,42,1,-1,-1,-2,-2,-2,0,6370,0,0,0,0,6370,0,0,0,0,0,0
286,280000,1,1,2,33,-1,-1,-1,-1,-1,-1,898,898,325,898,325,-339603,898,325,898,325,0,345293,1
450,80000,1,2,2,42,0,0,0,0,0,0,78129,28202,78553,49340,48919,48443,2500,51432,1800,1800,1800,1700,0
621,20000,2,2,2,24,0,0,0,0,2,0,13168,13888,14900,15916,15519,15829,1237,1249,1265,0,568,1327,0
300,200000,2,1,2,27,-1,-1,-1,0,0,0,871,665,960,4242,4084,7414,665,960,3908,1014,3500,2880,0
535,110000,2,2,1,40,1,2,2,2,2,2,92638,90905,95768,97004,99005,101213,600,7300,3700,3700,4000,3800,0
896,360000,1,1,2,30,-2,-1,-1,-2,-2,-2,0,2500,0,0,0,0,2500,0,0,0,0,0,0
48,310000,2,2,1,49,-2,-2,-2,-2,-2,-2,13465,7867,7600,11185,3544,464,7875,7600,11185,3544,464,0,0
232,150000,2,2,2,27,0,0,0,0,0,0,127402,110050,51547,44384,36900,29497,4500,1745,1566,1208,1077,2529,0
280,230000,2,3,1,32,0,0,0,0,0,0,195126,88743,92195,94814,98182,98457,5000,5000,5000,5000,4000,5000,0
948,500000,2,3,2,42,-2,-1,-1,0,0,0,10889,26146,104279,103945,101945,90193,29987,104279,2085,1130,45551,0,0
151,140000,1,1,1,34,0,0,0,0,0,0,23944,28049,32073,43129,47086,48699,5000,5000,11885,5000,3000,5504,0
635,170000,1,2,2,31,0,0,0,0,0,0,56364,58132,59171,55888,53672,51461,3000,3000,2000,3000,3000,3000,0
262,10000,1,3,2,23,0,0,0,0,0,2,6974,7838,9002,9182,9729,9411,1134,1298,478,847,0,175,0
745,50000,2,2,2,25,8,7,6,5,4,3,37647,37102,36238,36374,35229,34365,0,0,1000,0,0,3000,1
452,130000,1,3,2,39,1,2,2,2,2,2,71034,69329,74175,72383,77217,75820,0,6000,0,6000,0,6000,0
904,50000,1,1,2,27,0,0,0,0,0,0,7010,9876,11115,12915,14415,0,3000,1500,2000,2000,0,0,0
37,70000,2,1,2,25,0,0,0,0,0,0,67521,66999,63949,63699,64718,65970,3000,4500,4042,2500,2800,2500,0
884,90000,2,2,2,24,0,0,0,0,0,2,24401,22771,19461,16181,14669,14422,1454,1384,407,673,0,102,0
45,20000,1,1,2,24,0,0,0,0,0,0,17447,18479,19476,19865,20480,20063,1318,1315,704,928,912,1069,0
699,50000,2,2,3,30,1,3,2,0,0,0,52515,51424,49967,20036,20076,37615,0,0,2000,1000,1000,1600,1
415,260000,2,1,2,36,1,-2,-2,-2,-2,-2,0,0,0,0,0,0,0,0,0,0,0,0,1
139,170000,1,2,2,29,-2,-2,-2,-2,-2,-2,12159,10000,10000,10000,9983,15846,10000,10000,10000,9983,15863,10000,0
600,180000,2,2,2,31,1,-2,-2,-2,-2,-2,0,0,0,0,0,0,0,0,0,0,0,1576,0
149,280000,2,2,1,56,0,0,0,0,0,0,208775,182350,132257,101783,177145,169311,8042,6700,5137,100000,7000,6321,0
876,200000,1,1,2,30,-1,-1,-1,0,0,0,4935,-200,11463,11751,11772,5318,0,11663,9363,3232,3000,1000,0
182,360000,2,1,2,32,1,-1,-1,-1,-1,-1,2616,57077,5287,68445,13881,16240,57087,5295,68454,13889,16250,38313,0
972,20000,1,2,2,25,1,2,2,0,0,0,6174,7543,7255,3887,5887,0,2000,28,0,2000,0,0,1
175,80000,2,2,1,29,0,0,2,0,0,0,77883,81811,80250,61467,10662,11486,5800,1000,600,400,1000,0,0
545,120000,1,1,2,27,0,0,0,0,0,0,52437,50473,45087,35424,31760,31214,5024,5000,5000,4000,5000,3500,0
5,20000,1,3,2,35,-2,-2,-2,-2,-1,-1,0,0,0,0,13007,13912,0,0,0,13007,1122,0,0
862,180000,2,2,2,35,0,0,0,-2,-2,-2,119333,123150,0,0,0,0,6000,0,0,0,0,0,0
160,60000,2,2,1,46,0,0,0,0,0,0,21148,23803,24908,26034,26655,27756,3000,1500,1500,1000,1500,1500,0
997,200000,2,2,1,28,0,0,0,0,0,0,81865,86790,8441,97041,103541,3632,5000,2000,89000,6500,91,1504,0
487,30000,2,2,1,43,2,2,2,2,2,0,28703,26622,24022,24368,20859,19633,1300,2,1608,0,900,800,0
292,120000,2,2,1,29,-1,-1,-1,-1,-1,-1,1686,657,2179,1423,0,1820,657,2319,1423,0,1820,2496,0
488,260000,1,2,2,30,0,0,0,2,0,0,98560,100980,222102,108724,68500,69174,4000,11900,207,2003,2003,2003,0
988,80000,2,2,2,27,0,0,0,0,0,0,57376,58649,59873,61077,62394,63655,2200,2200,2200,2300,2300,2600,0
537,150000,2,1,2,28,1,-2,-2,-2,-2,-1,0,0,0,0,0,318,0,0,0,0,318,0,0
480,100000,2,2,1,43,-1,-1,-1,-1,-1,-1,2491,1709,574,556,2306,2562,1709,574,556,2306,2562,2111,0
839,110000,2,2,2,33,1,-2,-2,-2,-2,-1,0,0,0,0,0,150,0,0,0,0,300,102,1
927,320000,1,1,1,60,-1,-1,-1,-1,0,-1,9955,3465,84421,886,11741,4317,3465,84440,886,11533,4317,52466,1
394,210000,2,2,1,30,0,0,0,0,0,0,104701,106134,108423,91143,82733,74125,4002,5000,3500,3000,2700,5000,0
303,300000,2,2,1,27,1,-1,-1,-2,-2,-2,0,5215,0,0,0,0,5215,0,0,0,0,0,0
89,160000,2,2,1,37,-1,-1,-1,-1,-1,-2,880,1602,840,840,0,0,1602,840,840,0,0,7736,0
783,230000,2,1,1,35,-1,-1,-1,-1,0,0,2648,191,1947,11674,16160,32519,200,1950,11692,10000,20000,6000,0
270,360000,2,2,2,28,-2,-2,-2,-2,-2,-2,0,0,0,0,0,0,0,0,0,0,0,0,1
677,230000,2,1,2,29,-2,-2,-2,-2,-2,-2,0,0,1024,0,0,0,0,1024,0,0,0,0,0
363,10000,1,2,2,24,-1,2,2,2,0,0,2887,1923,2989,2813,2008,2132,0,1500,0,0,150,0,0
744,150000,2,1,2,31,2,-1,-1,-1,-1,-1,390,390,390,4825,5202,780,390,390,4825,5202,780,0,1
555,210000,2,3,1,53,0,0,0,0,0,0,57192,58472,59658,60466,61593,65163,2800,2753,2400,2255,4767,0,0
489,170000,2,2,2,28,0,0,-1,-1,-2,-2,28304,17616,308,0,0,0,4000,308,0,0,0,0,0
611,150000,1,1,2,33,0,0,0,0,0,0,21724,23168,23320,24085,24149,3323,2100,1200,965,64,509,8399,0
75,240000,2,2,2,44,1,-2,-2,-2,-2,-2,0,0,0,0,0,0,0,0,0,0,0,0,1
68,200000,2,2,1,32,-1,-1,-1,-1,2,-1,9076,5787,-684,5247,3848,3151,5818,15,9102,17,3165,1395,0
65,20000,1,5,2,22,2,0,0,0,0,0,18565,17204,17285,18085,11205,5982,0,1200,1000,500,1000,0,0
719,320000,1,1,1,47,-1,-1,-1,-1,-1,-1,9192,13920,4022,316,8420,316,13942,4022,316,8420,316,516,0
4,140000,2,3,1,28,0,0,2,0,0,0,11285,14096,12108,12211,11793,3719,3329,0,432,1000,1000,1000,0
261,150000,2,2,1,25,-1,-1,-2,-1,-1,-1,6156,0,0,316,316,316,0,0,316,316,316,316,0
773,20000,1,2,2,26,-1,-1,-1,-1,-2,-1,1438,1261,451,-810,-420,1320,1261,451,0,780,2130,0,0
701,50000,1,1,2,26,-1,0,0,0,0,0,15448,16392,18096,18425,18619,19060,1500,2000,1500,1200,900,1000,1
19,450000,2,1,1,40,-2,-2,-2,-2,-2,-2,5512,19420,1473,560,0,0,19428,1473,560,0,0,1128,1
993,360000,1,1,1,38,1,-2,-2,-2,-2,-2,0,0,0,0,0,0,0,0,0,0,0,0,1
360,230000,2,1,2,35,-2,-2,-2,-2,-2,-2,761,300,399,665,576,613,300,399,665,576,613,520,0
721,10000,1,2,1,45,0,0,0,2,0,0,7139,8416,9815,9508,9754,10192,1400,1700,0,400,600,200,1
768,20000,1,2,1,33,0,0,0,0,0,0,11026,9535,10510,10472,10140,10101,1174,1149,501,356,507,458,0
746,50000,2,2,1,26,1,-2,-1,0,0,0,0,0,1756,2719,4049,5176,0,1756,1000,1537,1200,2000,0
406,60000,2,1,2,23,1,2,2,2,2,2,29332,28577,30805,31601,32349,32965,0,2709,1600,1400,1300,1200,1
115,240000,2,2,2,38,0,0,0,0,-1,-1,50254,51445,53015,52479,1307,1203,2000,3000,3000,1307,1203,563,0
227,20000,1,2,2,23,1,2,0,0,2,0,20235,17132,16856,16875,13454,10104,0,1200,1000,0,1000,10000,1
49,180000,2,1,2,25,1,2,0,0,0,0,41402,41742,42758,43510,44420,45319,1300,2010,1762,1762,1790,1622,0
91,90000,1,2,2,35,0,0,0,0,0,0,83725,85996,87653,35565,30942,30835,3621,3597,1179,1112,1104,1143,0
893,170000,2,1,2,28,2,2,2,2,2,2,131864,133897,129761,138604,136283,145012,5600,0,11000,0,11000,5656,1
986,50000,2,3,1,39,0,0,2,-1,0,0,58300,59727,142,29886,30510,31276,7876,161,74354,927,1089,9100,0
258,160000,2,1,1,38,-1,-1,-1,-1,2,-1,4473,4664,5969,18941,16578,12652,4664,5969,18941,0,12652,1916,0
944,470000,1,2,2,33,0,0,0,0,0,0,190258,181207,120318,129281,113437,164377,40012,10020,40069,25005,100000,51305,0
468,180000,1,2,1,34,-1,-1,-1,-1,-1,-1,2927,2790,1140,2144,1180,1382,2790,1140,2144,1180,1382,2440,0
614,60000,1,1,2,25,0,0,0,0,0,0,58839,53235,38533,39639,39619,39140,2018,1900,2000,1500,1900,2000,0
581,20000,2,1,2,25,0,0,0,0,0,2,14603,15661,16394,16723,18056,17618,1600,1300,600,1600,0,800,0
328,60000,2,1,2,28,1,2,0,0,0,0,10540,10232,11237,11427,20973,31857,0,1483,673,10000,11540,7000,0
722,360000,2,2,2,39,-1,-1,-1,0,-1,-1,12865,4462,19560,8894,5329,998,4484,19623,222,5355,998,9004,0
903,120000,2,2,2,26,0,0,0,0,0,0,22431,12399,4199,3059,674,0,1500,1000,682,0,0,738,0
243,100000,2,2,2,27,0,0,0,0,0,0,37767,34457,30036,30337,30997,32904,1788,1799,1100,1150,2423,0,0
298,50000,2,3,1,40,0,0,0,0,0,0,49941,51213,12104,12898,13687,14458,2400,1206,1000,1000,1000,1000,0
957,30000,1,2,2,47,-1,-1,-1,-1,0,-1,396,396,396,792,396,772,396,396,792,0,772,0,0
633,50000,1,2,1,41,0,0,0,0,0,0,21986,21520,20979,19894,18811,18805,1362,1294,682,680,694,618,0
66,80000,1,1,2,31,-1,-1,-1,-1,-1,-1,780,0,390,390,390,390,0,390,390,390,390,390,0
287,50000,2,2,2,22,1,-2,-2,-2,-2,-2,0,0,0,0,0,0,0,0,0,0,0,0,1
800,220000,1,2,2,29,0,0,0,-2,-2,-2,31037,6244,0,0,0,0,3050,0,0,0,0,0,0
144,80000,2,2,1,23,1,2,3,2,0,0,9168,10522,10205,9898,10123,12034,1650,0,0,379,2091,1,0
125,60000,1,3,1,55,3,2,2,0,0,0,60521,61450,57244,28853,29510,26547,2504,7,1200,1200,1100,1500,0
247,30000,1,2,2,28,0,0,0,0,0,0,29242,29507,29155,25255,22001,0,5006,1244,851,955,0,0,0
294,280000,2,1,1,36,0,0,0,0,0,0,58983,60788,63225,29701,30172,30771,2755,3463,1300,1100,1100,2000,0
603,110000,2,1,2,24,0,0,0,0,2,0,40882,35428,39680,44097,42543,33189,2000,5000,5000,0,2000,3000,0
312,110000,2,2,2,36,0,0,0,0,0,0,47819,48947,50330,50894,52175,53652,2200,2500,2000,2100,2500,2200,0
86,200000,1,1,1,53,2,2,2,2,2,2,138180,140774,142460,144098,147124,149531,6300,5500,5500,5500,5000,5000,1
836,80000,2,2,2,22,1,2,0,0,0,0,79318,79459,79788,29069,26551,27109,2000,2201,2000,1000,1000,2000,0
606,220000,1,1,2,43,0,0,-1,-1,-1,-1,44177,25736,19292,18900,13580,33150,1006,32906,18900,13580,33150,0,0
437,100000,1,1,2,32,0,0,0,0,2,2,83831,85586,87289,91451,93381,89522,4000,4037,6500,3500,0,3200,0
73,300000,2,1,1,45,-1,-1,-1,-1,-1,-1,291,291,291,291,291,291,291,291,291,291,291,291,0
337,50000,1,2,2,36,0,0,0,0,-1,0,5916,6172,4123,680,978,978,1212,1200,0,978,0,0,0
82,360000,2,1,1,45,-1,-1,2,0,-1,-1,390,1170,780,390,390,390,1170,0,0,390,390,390,1
861,30000,2,2,1,46,0,0,0,0,0,0,28234,28874,29437,27738,27268,27409,1484,1436,1120,995,989,800,0
440,240000,1,1,2,44,0,0,0,0,0,0,246135,231443,234557,200643,194410,198857,12026,9010,7400,8000,8000,7000,1
526,50000,1,2,2,23,0,0,0,0,0,0,34549,18552,19334,18165,19322,19575,2836,1200,13000,1500,9000,1000,0
416,30000,1,1,2,24,2,0,0,0,0,2,25265,26354,27710,27959,30002,29371,1500,1800,1007,2500,0,1800,0
915,90000,2,1,2,23,0,0,0,0,0,0,22109,25011,29230,32747,38217,43744,6000,5000,4000,6000,8000,4000,0
361,330000,2,2,1,56,1,-1,-1,-2,-1,-1,-9,1520,1488,0,3965,8676,1529,1507,0,3965,8676,384,0
975,150000,2,3,1,54,-1,0,0,0,2,0,148747,145231,145341,153833,151194,145738,5500,5500,11000,0,6000,5215,0
987,260000,2,1,1,44,-1,2,2,-1,-1,-2,1215,856,291,803,98,431,0,291,803,98,431,1104,1
475,200000,1,1,2,31,-2,-2,-2,-2,-2,-2,0,0,0,0,0,0,0,0,0,0,0,0,0
194,500000,2,1,1,34,-2,-2,-2,-1,-1,-1,412,138,2299,1251,1206,1151,138,2299,1251,1206,1151,15816,0
790,50000,2,1,1,34,0,0,0,0,0,0,46750,48317,48282,18299,19323,20329,2320,1282,3299,1323,1329,1114,0
466,390000,2,3,2,35,0,0,0,0,0,0,355215,363325,373181,252195,257496,263018,13802,16525,8893,9229,10000,9435,1
388,310000,1,2,1,44,0,0,0,0,0,0,103797,91989,87720,76218,72090,71620,4400,4013,3011,3000,3001,2653,0
326,200000,2,2,1,37,1,-1,2,-1,-1,-1,-179,505,189,6773,23209,16893,1000,0,6900,24000,17000,2500,1
764,220000,1,2,1,40,-1,-1,-2,-2,-2,-2,158,0,0,0,0,612,0,0,0,0,612,1863,0
980,50000,2,1,2,23,-2,-2,-2,-2,-2,-2,49860,50187,50022,20114,18777,18273,2500,1289,917,1315,5042,2512,0
473,70000,2,2,1,37,0,0,0,2,0,0,66759,68200,72972,71248,50610,50809,2518,5950,0,1782,1985,2700,0
655,280000,2,2,2,28,-1,2,-1,-1,0,-1,427,298,1179,1714,2875,1047,0,1179,1714,1290,1047,1000,0
647,240000,2,2,2,26,0,0,-1,-1,-1,-1,14348,7500,7816,7500,7500,14497,1000,7816,7500,7500,14497,500,0
397,60000,2,3,3,42,0,0,0,0,0,0,41322,29091,28097,28665,28768,29064,1488,1394,962,1500,2541,2000,0
762,110000,2,2,1,35,0,0,0,0,0,0,81665,46070,34419,36829,38080,40434,2460,2000,3000,2000,3000,5000,0
738,140000,2,1,1,51,0,0,0,0,0,0,56764,57950,57668,55024,55883,55744,2115,2004,1941,2073,1909,2132,0
83,160000,2,2,2,32,0,0,0,0,0,-1,3826,4751,6604,8604,7072,766,1147,2000,2000,0,766,2303,0
949,180000,1,2,2,39,-1,-1,-1,-1,-1,0,3135,2822,1938,5818,2628,2628,2833,2015,5818,2628,0,0,0
542,220000,2,1,1,41,1,-2,-2,-2,-2,-2,-65,-65,-65,-65,-65,-200,0,0,0,0,0,0,1
842,300000,2,2,1,34,-2,-2,-2,-2,-2,-2,205064,-86,-86,2014,-185,1815,0,0,2100,0,2000,5000,0
354,110000,2,4,2,24,0,0,0,0,0,0,83755,77431,79044,80631,82333,84462,3000,2900,2900,3000,3500,4000,0
551,630000,2,2,1,47,0,0,0,-1,-1,-2,37850,68187,1207,2632,8654,0,38187,1207,2632,8654,0,4981,0
646,270000,1,1,2,32,-2,-2,-2,-2,-2,-2,0,0,1100,300,-200,-200,0,1100,300,0,0,0,0
371,30000,1,3,1,58,0,0,0,0,0,0,19143,20168,21229,21495,21800,22437,1640,1700,915,800,1000,1961,0
981,130000,1,3,2,43,1,-1,-1,-2,-1,-1,1018,6377,-2,935,4985,1212,6433,2,937,4990,1215,9546,1
564,50000,1,3,2,26,0,0,0,0,0,0,35429,30626,30241,20284,19166,19567,1537,1947,800,1000,718,683,0
380,80000,1,2,2,25,0,0,0,0,0,-2,22619,31429,27923,25280,0,0,10010,1209,579,0,0,6305,0
892,110000,1,1,3,55,1,2,2,2,3,2,92610,94755,92351,101140,99260,101577,4500,0,11300,0,4100,0,1
469,60000,1,3,1,38,1,2,2,0,0,2,29295,30321,31018,32193,34213,35002,1800,1500,2000,2700,1500,0,0
179,60000,2,2,1,24,0,0,0,0,0,0,58024,57891,48839,18971,19323,19395,2500,1600,3000,1000,737,2000,1
204,80000,2,2,2,24,0,0,0,0,0,0,81625,81554,79599,49552,49509,49568,3200,3000,2038,2000,1800,1800,1
787,70000,1,1,2,27,1,-1,-1,-1,-2,-1,-54,273,19,-254,-527,1096,600,19,0,0,1896,0,0
812,70000,1,3,1,51,2,2,0,0,0,0,54968,51384,49734,50361,49185,47245,0,2100,1950,1900,2219,2100,1
29,500000,2,2,1,54,-2,-2,-2,-2,-2,-2,10929,4152,22722,7521,71439,8981,4152,22827,7521,71439,981,51582,0
11,50000,2,3,3,23,1,2,0,0,0,0,50614,29173,28116,28771,29531,30211,0,1500,1100,1200,1300,1100,0
891,200000,1,1,2,31,-2,-2,-2,-2,-2,-2,100,100,100,100,100,100,100,100,100,100,100,100,0
429,580000,2,1,1,36,0,0,0,0,0,0,159760,162189,166127,169365,168755,167964,6422,6565,5951,6006,5894,5946,0
758,260000,2,2,1,35,-1,-1,-1,-1,-1,0,7967,67650,6000,0,88348,85962,67650,6000,0,88348,5000,25000,0
403,500000,1,1,1,37,1,2,0,0,0,0,507062,491956,430637,376657,356636,303510,325,15296,12137,12312,14113,10526,0
336,240000,2,2,2,30,-2,-2,-2,-2,-2,-2,92,92,92,0,92,0,92,92,0,92,0,1883,0
620,90000,2,1,2,24,-1,-1,-2,-2,-2,-2,491,0,0,0,0,0,0,0,0,0,0,0,0
823,10000,1,2,2,37,0,0,0,0,2,2,8755,8158,7540,8164,6963,5923,1167,1022,1036,0,2700,0,0
976,70000,2,1,2,24,0,0,0,0,0,0,63903,65248,62958,64209,59482,60883,3000,2190,2201,2181,2413,1952,0
327,130000,2,2,2,40,0,0,2,0,0,0,9559,12394,11883,9826,10167,12685,3000,0,500,500,2700,500,1
557,360000,2,2,2,52,-2,-2,-2,-2,-2,-2,640,2113,-6,999,944,-3,2231,0,1005,948,0,789,0
9,70000,1,2,2,30,1,2,2,0,0,2,65802,67369,65701,66782,36137,36894,3200,0,3000,3000,1500,0,1
570,80000,2,3,1,49,-1,-1,-1,-1,-1,-1,3367,4641,2290,1459,6764,7601,4641,2290,1459,6764,7601,7990,0
990,290000,2,1,2,29,1,-2,-2,-2,-2,-2,0,0,0,0,0,0,0,0,0,0,0,0,1
619,360000,2,2,1,37,1,-2,-2,-2,-1,-1,0,0,0,0,166,541,0,0,0,166,543,4268,0
79,400000,2,2,1,44,0,0,2,0,0,0,131595,139060,126819,104430,104990,94058,10700,3,3050,3000,3200,2800,0
639,370000,1,2,2,28,0,0,0,0,0,0,276436,239025,149128,48907,53025,51434,20000,13000,5000,10000,4000,6000,0
778,100000,2,1,2,28,2,2,2,2,2,2,79580,81493,82759,83609,85325,87096,3790,3200,3100,3200,3332,3280,1
383,80000,1,3,1,73,-1,0,0,2,2,2,63144,65631,68875,70646,72870,75018,3500,4330,3500,3500,3500,5100,1
412,200000,2,1,2,31,-2,-2,-2,-2,-2,-2,7184,14845,1097,0,0,160,17507,1102,0,0,160,1103,0
866,20000,2,2,3,52,0,0,0,0,0,0,14591,15616,16628,16958,17314,17664,1265,1277,607,629,638,641,0
772,200000,1,1,2,26,-2,-2,-2,-2,-1,-1,12716,16164,1954,5297,1483,3393,16244,1963,3359,4849,3410,2994,0
476,250000,2,2,1,40,0,0,0,0,-1,2,44930,137101,90801,0,1069,919,120041,4435,0,1069,0,67619,0
523,620000,2,2,1,45,2,2,0,0,0,0,160837,156839,160440,163781,167159,170894,0,6200,6000,6000,6500,6000,1
265,50000,1,2,2,27,3,2,2,0,0,-1,13694,14880,14242,13968,14319,2614,1700,0,426,501,2614,1390,1
289,10000,1,2,2,27,0,0,2,0,0,0,7015,10227,9560,9901,9963,10182,3507,0,500,370,393,700,1
39,140000,2,2,1,37,0,0,0,0,0,0,59504,61544,62925,64280,67079,69802,3000,3000,3000,4000,4000,3000,0
528,10000,1,2,2,46,0,0,2,2,2,0,4073,6394,6143,6908,6652,6785,2400,0,871,0,244,251,1
696,400000,2,2,2,40,-2,-2,-2,-2,-1,-1,0,8235,0,0,1524,0,8235,0,0,1524,0,385,0
169,50000,2,1,2,24,1,-2,-2,-2,-2,-2,-709,-709,-709,-2898,-3272,-3272,0,0,0,0,0,0,1
435,80000,2,1,2,23,0,0,0,0,0,0,77024,73281,57806,37642,46235,47110,3212,1600,956,40000,1800,1700,1
716,30000,2,2,2,22,0,0,2,0,0,0,23892,28459,25499,25778,28708,30520,5300,0,1000,3352,2300,0,0
444,200000,1,4,1,42,0,0,0,0,0,0,38564,38246,32253,30384,30900,0,5000,1485,1956,1500,0,2102,0
284,100000,2,2,2,25,2,0,0,0,0,0,70896,71678,70125,69856,69718,51365,3472,2092,2000,2127,1960,1559,1
811,280000,2,2,1,39,0,0,2,0,0,0,213738,228963,223810,158542,162244,108143,20300,0,5600,6300,4000,4000,0
491,50000,1,1,1,41,-1,-1,-1,-1,-1,-1,508,672,226,390,220,320,1000,390,1000,220,640,1000,0
546,100000,1,3,1,52,0,0,2,2,2,0,4657,6068,6418,6781,6144,7638,1500,1000,1000,0,2000,2000,1
189,180000,2,1,2,24,-1,-1,2,0,0,-2,14670,22087,21282,10200,0,0,37867,0,200,0,0,0,0
556,270000,1,1,2,34,-1,-1,0,-1,-1,-1,5780,12006,15736,6621,2457,14923,12006,5736,6621,2457,14923,1712,0
52,180000,2,3,1,34,0,0,0,-1,-1,-1,16386,15793,8441,7142,-679,8321,8500,1500,7500,679,9000,2000,0
561,250000,2,3,2,35,-2,-2,-2,-2,-2,-2,7244,8472,1738,6706,2391,11082,8514,1751,6739,2403,11137,13407,0
414,50000,1,2,1,48,0,0,0,0,0,0,44338,43048,35639,18753,19091,19548,3629,3332,2000,2000,2000,2500,0
531,60000,1,2,2,25,-1,-1,0,-1,-1,0,480,1675,3630,578,4825,6200,1675,2500,578,4825,2000,2435,0
955,250000,1,1,2,41,-1,-1,-1,0,-1,-1,1338,-24,8324,5872,23020,2367,0,8348,0,23020,2367,3117,1
206,220000,1,1,2,24,0,0,0,-1,-1,-1,105607,108917,111520,8303,0,85632,5000,5050,8303,0,85632,0,0
922,20000,1,2,1,46,0,0,0,0,0,0,5902,6767,8145,8153,8324,8490,1122,1500,291,302,304,319,0
218,300000,2,2,2,35,0,0,0,0,0,0,291619,297268,205629,215827,208464,212508,12019,9006,17000,12000,9557,15000,0
105,360000,1,2,1,35,1,-2,-2,-2,-2,-2,-103,-103,-103,-103,-103,-103,0,0,0,0,0,0,0
837,350000,2,2,1,31,0,0,0,0,0,0,67648,68557,63179,57987,53948,39965,3039,2047,1750,1703,1721,784,0
631,20000,2,3,1,44,-1,-1,-1,-1,-1,-2,550,228,0,228,0,0,228,0,228,0,0,0,0
240,30000,2,1,2,40,-1,-1,2,2,2,2,142,215,139,19,19,79,355,120,0,0,60,60,0
438,30000,2,1,2,26,1,-2,-1,-1,-1,-1,0,0,945,0,197,2995,0,945,0,197,2995,0,0
665,20000,2,1,1,30,2,2,2,0,0,0,5766,7511,7678,7318,7458,7598,2000,500,0,500,500,0,1
680,320000,1,1,1,40,0,0,0,0,0,0,247276,241167,238196,231580,229683,235837,10000,10000,10000,19000,13000,8000,0
278,180000,2,3,2,30,0,0,0,0,0,0,163935,153152,147032,122196,103692,70204,7722,6091,3563,3605,3000,3211,0
420,490000,2,2,1,30,0,0,0,0,0,0,192586,197967,201666,205798,196698,190306,10000,7143,7306,6303,6429,6000,0
423,170000,2,1,2,31,-1,-1,-1,-1,0,-1,199,199,199,398,199,199,199,199,398,0,199,398,1
888,80000,2,2,1,32,0,0,0,0,0,-2,28408,25695,11553,2350,0,0,1259,1035,1600,0,0,0,0
161,110000,2,1,2,27,0,0,0,0,0,0,101640,104795,104855,74737,76058,77254,5500,3900,3000,2900,3000,2800,0
649,450000,2,1,1,42,1,-2,-2,-1,-1,-2,-200,-200,0,42000,0,0,0,200,42000,0,0,0,1
807,700000,2,1,1,39,0,0,0,0,-2,-1,99259,102345,109636,326,2016,61707,5000,10000,326,2016,61707,17785,0
697,200000,2,1,1,27,-1,-1,-1,-1,-1,-1,5780,105,105,0,7384,8588,105,105,0,7384,8588,1304,0
203,210000,2,2,1,41,-1,-1,-1,-1,-1,-1,3088,1586,343,3763,877,0,1586,343,3763,877,0,419,1
933,240000,1,1,2,34,1,2,-1,-1,0,-1,11874,5979,6938,41858,10416,1711,0,6938,41877,0,1711,27162,0
172,80000,1,1,2,30,-2,-1,0,0,0,0,6187,100,600,1438,1919,5380,504,500,1000,500,3500,0,0
95,20000,1,2,1,38,0,0,0,0,0,-1,17973,19367,19559,18240,17928,150,1699,1460,626,1750,150,0,1
843,50000,1,2,3,42,2,0,0,2,0,0,47647,50232,50510,32177,29530,29789,3700,3700,0,1072,1500,1132,1
104,130000,1,2,2,38,0,0,0,-1,-1,-1,171438,178382,39940,120483,44127,126568,10908,0,133657,4566,133841,4796,0
441,220000,1,2,2,34,0,0,0,0,0,0,37304,33304,29254,24875,20329,15602,1600,1500,1100,1000,600,500,0
846,40000,2,2,2,23,0,0,0,2,2,6,20035,21406,24735,24050,43317,44059,2000,4000,0,20000,2000,0,0
859,10000,2,2,1,31,0,0,0,0,0,0,15915,9050,9901,9975,9736,8703,2330,2200,1000,333,311,322,0
186,310000,1,1,2,32,0,0,0,0,0,0,59901,62147,62102,65875,60387,43328,10020,6031,10057,5028,5060,4223,0
625,200000,2,3,3,45,-1,-1,-1,-1,-1,-1,4430,7182,3855,3411,6788,9921,7193,3855,3411,6788,9921,5016,0
668,100000,2,1,2,28,2,0,0,0,0,0,96193,82342,81967,82177,78840,79261,3600,3800,3000,3000,3023,3000,1
567,50000,2,2,2,23,0,0,0,0,0,0,49809,50364,38429,18815,18305,19013,2040,2766,1690,1000,1000,1000,0
673,200000,1,1,2,28,0,0,0,0,0,0,71989,122129,147936,149573,152574,156323,52129,30000,6000,6000,7000,10000,0
946,30000,1,1,1,27,-1,0,0,0,0,-2,12897,13484,6655,6618,0,0,2011,2211,2101,148,0,0,1
781,500000,2,1,2,26,1,-2,-2,-2,-2,-2,31421,22150,0,0,0,0,22157,0,0,0,0,0,0
484,220000,2,2,1,36,-1,-1,-1,0,-1,-1,396,1648,792,396,396,396,1648,792,0,396,396,792,1
994,50000,2,2,2,23,-1,-1,-1,0,-1,-1,780,0,780,390,390,500,0,780,0,390,500,18300,1
527,50000,1,2,3,30,0,0,0,0,0,0,97538,49187,17518,17710,18079,18302,2454,1588,780,803,673,637,0
267,120000,1,1,1,34,-1,2,-1,0,0,0,1082,632,1350,900,450,0,0,1350,0,0,0,450,0
574,50000,1,2,2,36,0,0,0,0,0,0,5197,6015,6615,7131,6987,6980,1300,1100,1000,500,500,1000,0
320,360000,2,2,2,32,0,0,0,0,0,0,93029,94054,91834,95631,100123,100738,10000,7000,10000,10000,10000,10000,0
173,50000,1,2,2,30,1,2,0,0,0,2,48860,47801,48363,30221,22877,22361,0,1500,1000,2000,0,2000,0
46,70000,1,3,2,42,1,2,2,2,2,0,37042,36171,38355,39423,38659,39362,0,3100,2000,0,1500,1500,1
283,440000,2,2,1,46,0,0,0,0,0,0,180641,181557,149944,113135,105280,97622,8610,6907,3727,3800,4001,2701,0
62,10000,1,2,1,56,2,2,2,0,0,0,2097,4193,3978,4062,4196,4326,2300,0,150,200,200,160,1
390,360000,1,1,1,51,-1,-1,-1,-2,-2,-2,38000,25000,0,0,0,0,25000,0,0,0,0,0,0
912,350000,1,1,1,48,0,0,0,0,0,0,54969,47978,48631,48351,47939,33827,2087,1989,1591,1466,2000,1500,0
460,170000,2,3,3,56,1,-2,-1,-1,-2,-1,0,0,1991,0,0,150,0,1991,0,0,150,614,0
358,50000,1,2,2,32,4,3,2,0,0,0,45734,44741,43562,44039,45008,25775,0,0,1262,1358,1275,1590,0
116,50000,1,3,2,37,2,2,2,3,2,2,46004,45976,48953,48851,49318,51143,1000,4035,1000,1400,2800,0,1
18,70000,2,2,2,26,2,0,0,2,2,2,41087,42445,45020,44006,46905,46012,2007,3582,0,3601,0,1820,1
530,50000,1,1,2,26,-2,-2,-2,-2,-2,-2,2411,3059,2333,1800,1620,0,3068,2440,1807,2204,0,0,0
163,100000,1,2,1,27,-1,2,2,0,0,0,102349,96847,58824,29336,22979,-246,3166,0,1330,1398,12,50000,0
445,140000,2,3,1,30,0,0,0,2,0,0,96304,98007,82227,65000,60848,58880,4505,12906,0,2210,2300,5200,0
998,90000,2,2,1,40,-1,-1,-1,-1,-1,-1,4989,-818,1114,657,1332,780,0,2806,2256,2274,780,0,0
689,70000,1,1,2,30,0,0,2,0,0,2,55664,59529,57571,57871,60872,59329,5800,0,2250,4500,0,2500,0
833,110000,2,2,1,55,0,0,0,0,0,0,15069,16123,16850,17568,18133,18828,1600,1300,1000,1000,1000,1000,0
887,400000,1,2,2,37,1,1,1,2,0,0,13611,15066,15882,12599,18599,12284,3019,5014,3,7040,2006,2005,0
263,130000,2,3,2,49,0,0,0,0,0,0,89003,91362,72197,49654,28065,27500,4100,3095,1630,561,600,0,1
425,210000,2,2,2,33,0,0,0,0,0,0,212601,177946,119362,117766,68791,66167,6000,4500,5000,3000,3000,3000,0
131,240000,1,2,1,34,0,0,0,2,2,2,10674,12035,13681,13269,14158,13891,1500,1800,0,1000,0,327,0
430,360000,1,3,1,55,0,0,-1,-1,-1,-2,9210,8485,17231,1770,0,0,6015,17454,1775,0,0,0,0
145,260000,2,1,1,60,1,-2,-1,-1,-1,-1,-1100,-1100,21400,0,969,869,0,22500,0,969,1000,0,0
763,210000,2,1,2,28,-1,-1,-1,0,0,0,11442,3738,7526,10217,11737,8114,3738,7526,5000,5000,162,27760,0
821,170000,2,2,2,33,1,-1,-1,-1,-2,-2,0,7042,2986,0,0,0,7042,2986,0,0,0,0,0
898,220000,1,2,2,25,0,0,0,0,0,0,168286,155893,119575,51317,51926,34608,10000,3900,1000,1000,2000,2000,0
919,20000,2,1,2,24,-1,-1,2,-1,0,-1,1371,796,398,796,398,716,796,0,796,0,716,12111,0
140,20000,1,1,2,29,-1,-1,-1,-1,0,-1,1199,15586,344,2340,6702,339,15586,344,2340,4702,339,330,0
500,30000,1,6,1,53,-2,-2,-2,-2,-2,-2,0,0,0,0,0,0,0,0,0,0,0,0,0
813,20000,2,3,2,24,-1,-1,-1,-1,-1,2,4101,507,3042,0,8402,6204,507,3042,0,8402,0,4739,0
941,360000,2,1,2,29,0,0,-1,-1,-1,-1,15854,8174,1004,1004,646,3508,1000,1004,1004,646,3508,0,0
421,80000,2,2,1,32,-1,-1,-2,-2,-2,-2,11262,0,0,0,0,0,0,0,0,0,0,0,0
805,160000,2,2,0,37,0,0,0,0,0,0,2694,38433,38870,28574,27268,28021,35888,1325,891,1000,1098,426,0
